Angle,NodeIdx,S_mm,Curvature,ElasticEnergy,MagEnergy
0,1,0.0,0.0,0.0,0.0
0,2,0.0,0.0,0.0,0.0
0,3,0.0,0.0,0.0,0.0
0,4,0.0,0.0,0.0,0.0
0,5,0.0,0.0,0.0,0.0
0,6,0.0,0.0,0.0,0.0
0,7,0.0,0.0,0.0,0.0
0,8,0.0,0.0,0.0,0.0
0,9,0.0,0.0,0.0,0.0
0,10,0.0,0.0,0.0,0.0
0,11,0.0,0.0,0.0,0.0
0,12,0.0,0.0,0.0,0.0
0,13,0.0,0.0,0.0,0.0
0,14,0.0,0.0,0.0,0.0
0,15,0.0,0.0,0.0,0.0
0,16,0.0,0.0,0.0,0.0
0,17,0.0,0.0,0.0,0.0
0,18,0.0,0.0,0.0,0.0
0,19,0.0,0.0,0.0,0.0
0,20,0.0,0.0,0.0,0.0
0,21,0.0,0.0,0.0,0.0
0,22,0.0,0.0,0.0,0.0
0,23,0.0,0.0,0.0,0.0
0,24,0.0,0.0,0.0,0.0
0,25,0.0,0.0,0.0,0.0
0,26,0.0,0.0,0.0,0.0
0,27,0.0,0.0,0.0,0.0
0,28,0.0,0.0,0.0,0.0
0,29,0.0,0.0,0.0,0.0
0,30,0.0,0.0,0.0,0.0
0,31,0.0,0.0,0.0,0.0
0,32,0.0,0.0,0.0,0.0
0,33,0.0,0.0,0.0,0.0
0,34,0.0,0.0,0.0,0.0
0,35,0.0,0.0,0.0,0.0
0,36,0.0,0.0,0.0,0.0
0,37,0.0,0.0,0.0,0.0
0,38,0.0,0.0,0.0,0.0
0,39,0.0,0.0,0.0,0.0
0,40,0.0,0.0,0.0,0.0
0,41,0.0,0.0,0.0,0.0
0,42,0.0,0.0,0.0,0.0
0,43,0.0,0.0,0.0,0.0
0,44,0.0,0.0,0.0,0.0
0,45,450.00000190442046,4.733801264987172e-13,1.1879924997323405e-29,0.0
0,46,461.6733927296677,9.18064801223764,0.00011591104998746891,0.0
0,47,479.984057762678,5.876192643170139,7.448645551327896e-05,0.0
0,48,505.58177745654376,4.221451442419686,5.374103369585629e-05,0.0
0,49,538.6905836134397,3.2749090407775143,4.183339833238804e-05,0.0
0,50,579.5170219951566,2.661768460633422,3.40771436162534e-05,0.0
0,51,628.2727033507396,2.2309436957601463,2.8587987924111234e-05,0.0
0,52,685.2503411774503,1.9082367968460043,2.4442752659707936e-05,0.0
0,53,750.6191401696343,1.660891832434265,2.1243904729176044e-05,0.0
0,54,824.6246728957118,1.463967414678446,1.8685647427787063e-05,0.0
0,55,914.3383028749787,26.969343431117856,0.007687414829480321,0.0
0,56,1019.2338990410701,0.9349332679045638,2.8805031570395982e-05,-0.00019964090318825496
10,1,0.0,0.0,0.0,0.0
10,2,0.0,0.0,0.0,0.0
10,3,0.0,0.0,0.0,0.0
10,4,0.0,0.0,0.0,0.0
10,5,0.0,0.0,0.0,0.0
10,6,0.0,0.0,0.0,0.0
10,7,0.0,0.0,0.0,0.0
10,8,0.0,0.0,0.0,0.0
10,9,0.0,0.0,0.0,0.0
10,10,0.0,0.0,0.0,0.0
10,11,0.0,0.0,0.0,0.0
10,12,0.0,0.0,0.0,0.0
10,13,0.0,0.0,0.0,0.0
10,14,0.0,0.0,0.0,0.0
10,15,0.0,0.0,0.0,0.0
10,16,0.0,0.0,0.0,0.0
10,17,0.0,0.0,0.0,0.0
10,18,0.0,0.0,0.0,0.0
10,19,0.0,0.0,0.0,0.0
10,20,0.0,0.0,0.0,0.0
10,21,0.0,0.0,0.0,0.0
10,22,0.0,0.0,0.0,0.0
10,23,0.0,0.0,0.0,0.0
10,24,0.0,0.0,0.0,0.0
10,25,0.0,0.0,0.0,0.0
10,26,0.0,0.0,0.0,0.0
10,27,0.0,0.0,0.0,0.0
10,28,0.0,0.0,0.0,0.0
10,29,0.0,0.0,0.0,0.0
10,30,0.0,0.0,0.0,0.0
10,31,0.0,0.0,0.0,0.0
10,32,0.0,0.0,0.0,0.0
10,33,0.0,0.0,0.0,0.0
10,34,0.0,0.0,0.0,0.0
10,35,0.0,0.0,0.0,0.0
10,36,0.0,0.0,0.0,0.0
10,37,0.0,0.0,0.0,0.0
10,38,0.0,0.0,0.0,0.0
10,39,0.0,0.0,0.0,0.0
10,40,0.0,0.0,0.0,0.0
10,41,0.0,0.0,0.0,0.0
10,42,0.0,0.0,0.0,0.0
10,43,0.0,0.0,0.0,0.0
10,44,0.0,0.0,0.0,0.0
10,45,450.0000019158623,1.080848151336204e-12,6.193312930269789e-29,0.0
10,46,461.78851781221306,30.99060493569799,0.0013338296934139423,0.0
10,47,480.78642807825435,19.2628591748633,0.0008304786493715752,0.0
10,48,507.9673865266465,13.488990229490225,0.0005826460241490944,0.0
10,49,543.99245653566,10.195238763214517,0.00044114440545316445,0.0
10,50,589.5673062937353,8.070942127488324,0.0003497476881780288,0.0
10,51,645.993750456924,8.583721194991483,0.000489795769351321,0.0
10,52,714.8296133645692,36.364648842218465,0.010723947956287715,0.0
10,53,792.0452607516021,7.159684556157013,0.0004663094688218419,0.0
10,54,875.90621862145,3.2179282711506842,0.00010230425041666749,0.0
10,55,967.4811830961959,4.0251779320298775,0.00017479462158615563,0.0
10,56,1071.1429123961707,16.64711137366369,0.009024976763430276,-0.00012236698627552615
20,1,0.0,0.0,0.0,0.0
20,2,0.0,0.0,0.0,0.0
20,3,0.0,0.0,0.0,0.0
20,4,0.0,0.0,0.0,0.0
20,5,0.0,0.0,0.0,0.0
20,6,0.0,0.0,0.0,0.0
20,7,0.0,0.0,0.0,0.0
20,8,0.0,0.0,0.0,0.0
20,9,0.0,0.0,0.0,0.0
20,10,0.0,0.0,0.0,0.0
20,11,0.0,0.0,0.0,0.0
20,12,0.0,0.0,0.0,0.0
20,13,0.0,0.0,0.0,0.0
20,14,0.0,0.0,0.0,0.0
20,15,0.0,0.0,0.0,0.0
20,16,0.0,0.0,0.0,0.0
20,17,0.0,0.0,0.0,0.0
20,18,0.0,0.0,0.0,0.0
20,19,0.0,0.0,0.0,0.0
20,20,0.0,0.0,0.0,0.0
20,21,0.0,0.0,0.0,0.0
20,22,0.0,0.0,0.0,0.0
20,23,0.0,0.0,0.0,0.0
20,24,0.0,0.0,0.0,0.0
20,25,0.0,0.0,0.0,0.0
20,26,0.0,0.0,0.0,0.0
20,27,0.0,0.0,0.0,0.0
20,28,0.0,0.0,0.0,0.0
20,29,0.0,0.0,0.0,0.0
20,30,0.0,0.0,0.0,0.0
20,31,0.0,0.0,0.0,0.0
20,32,0.0,0.0,0.0,0.0
20,33,0.0,0.0,0.0,0.0
20,34,0.0,0.0,0.0,0.0
20,35,0.0,0.0,0.0,0.0
20,36,0.0,0.0,0.0,0.0
20,37,0.0,0.0,0.0,0.0
20,38,0.0,0.0,0.0,0.0
20,39,0.0,0.0,0.0,0.0
20,40,0.0,0.0,0.0,0.0
20,41,0.0,0.0,0.0,0.0
20,42,0.0,0.0,0.0,0.0
20,43,0.0,0.0,0.0,0.0
20,44,0.0,0.0,0.0,0.0
20,45,450.0000019158645,1.8120291019051143e-12,1.7407002541292665e-28,0.0
20,46,461.61362029322197,1.3454822159161202,2.476877996357429e-06,0.0
20,47,479.78423153505264,0.840757927515803,1.5131870613834414e-06,0.0
20,48,505.2038238977413,0.5861398854950286,1.0288504988604127e-06,0.0
20,49,538.1081813574551,0.44420568007690675,7.648966698529486e-07,0.0
20,50,578.7105093616237,0.35602204468050486,6.062976094494176e-07,0.0
20,51,627.2503738681916,0.2970443909003012,5.045711465162152e-07,0.0
20,52,683.998073020094,0.25547725775581526,4.363489043684999e-07,0.0
20,53,749.2320432032471,0.22486861997699722,3.8860882642862775e-07,0.0
20,54,823.2410400666776,0.20122317328096964,3.5303815531505594e-07,0.0
20,55,906.319709070245,0.18196067746089145,3.240602485216078e-07,0.0
20,56,1004.163057991883,21.914718898538027,0.014762264768488893,0.0007898896405370158
30,1,0.0,0.0,0.0,0.0
30,2,0.0,0.0,0.0,0.0
30,3,0.0,0.0,0.0,0.0
30,4,0.0,0.0,0.0,0.0
30,5,0.0,0.0,0.0,0.0
30,6,0.0,0.0,0.0,0.0
30,7,0.0,0.0,0.0,0.0
30,8,0.0,0.0,0.0,0.0
30,9,0.0,0.0,0.0,0.0
30,10,0.0,0.0,0.0,0.0
30,11,0.0,0.0,0.0,0.0
30,12,0.0,0.0,0.0,0.0
30,13,0.0,0.0,0.0,0.0
30,14,0.0,0.0,0.0,0.0
30,15,0.0,0.0,0.0,0.0
30,16,0.0,0.0,0.0,0.0
30,17,0.0,0.0,0.0,0.0
30,18,0.0,0.0,0.0,0.0
30,19,0.0,0.0,0.0,0.0
30,20,0.0,0.0,0.0,0.0
30,21,0.0,0.0,0.0,0.0
30,22,0.0,0.0,0.0,0.0
30,23,0.0,0.0,0.0,0.0
30,24,0.0,0.0,0.0,0.0
30,25,0.0,0.0,0.0,0.0
30,26,0.0,0.0,0.0,0.0
30,27,0.0,0.0,0.0,0.0
30,28,0.0,0.0,0.0,0.0
30,29,0.0,0.0,0.0,0.0
30,30,0.0,0.0,0.0,0.0
30,31,0.0,0.0,0.0,0.0
30,32,0.0,0.0,0.0,0.0
30,33,0.0,0.0,0.0,0.0
30,34,0.0,0.0,0.0,0.0
30,35,0.0,0.0,0.0,0.0
30,36,0.0,0.0,0.0,0.0
30,37,0.0,0.0,0.0,0.0
30,38,0.0,0.0,0.0,0.0
30,39,0.0,0.0,0.0,0.0
30,40,0.0,0.0,0.0,0.0
30,41,0.0,0.0,0.0,0.0
30,42,0.0,0.0,0.0,0.0
30,43,0.0,0.0,0.0,0.0
30,44,0.0,0.0,0.0,0.0
30,45,450.00000191586156,2.161616979744885e-12,2.477143365737224e-28,0.0
30,46,461.63335386730597,11.574254138414904,0.00018359972897488152,0.0
30,47,479.98333247148423,7.369080283254566,0.00011739329123635783,0.0
30,48,505.7968062884077,5.262380606911556,8.421551423716547e-05,0.0
30,49,539.3232245619193,4.068834635024823,6.538955453096491e-05,0.0
30,50,580.7886843738853,3.3019358081352483,5.326045572005962e-05,0.0
30,51,630.4449194495074,2.7657328161291472,4.474817978336076e-05,0.0
30,52,688.5353736106225,2.3695585227899363,3.8425611792659636e-05,0.0
30,53,755.320327527249,2.064076097475656,3.352055343237635e-05,0.0
30,54,831.056578808372,1.8212390552331736,2.9595034816605593e-05,0.0
30,55,915.9308303702489,1.6230471471120886,2.634021825910445e-05,0.0
30,56,1015.9202341277467,21.615201435594827,0.01467649752456501,-0.00022568718470875585
40,1,0.0,0.0,0.0,0.0
40,2,0.0,0.0,0.0,0.0
40,3,0.0,0.0,0.0,0.0
40,4,0.0,0.0,0.0,0.0
40,5,0.0,0.0,0.0,0.0
40,6,0.0,0.0,0.0,0.0
40,7,0.0,0.0,0.0,0.0
40,8,0.0,0.0,0.0,0.0
40,9,0.0,0.0,0.0,0.0
40,10,0.0,0.0,0.0,0.0
40,11,0.0,0.0,0.0,0.0
40,12,0.0,0.0,0.0,0.0
40,13,0.0,0.0,0.0,0.0
40,14,0.0,0.0,0.0,0.0
40,15,0.0,0.0,0.0,0.0
40,16,0.0,0.0,0.0,0.0
40,17,0.0,0.0,0.0,0.0
40,18,0.0,0.0,0.0,0.0
40,19,0.0,0.0,0.0,0.0
40,20,0.0,0.0,0.0,0.0
40,21,0.0,0.0,0.0,0.0
40,22,0.0,0.0,0.0,0.0
40,23,0.0,0.0,0.0,0.0
40,24,0.0,0.0,0.0,0.0
40,25,0.0,0.0,0.0,0.0
40,26,0.0,0.0,0.0,0.0
40,27,0.0,0.0,0.0,0.0
40,28,0.0,0.0,0.0,0.0
40,29,0.0,0.0,0.0,0.0
40,30,0.0,0.0,0.0,0.0
40,31,0.0,0.0,0.0,0.0
40,32,0.0,0.0,0.0,0.0
40,33,0.0,0.0,0.0,0.0
40,34,0.0,0.0,0.0,0.0
40,35,0.0,0.0,0.0,0.0
40,36,0.0,0.0,0.0,0.0
40,37,0.0,0.0,0.0,0.0
40,38,0.0,0.0,0.0,0.0
40,39,0.0,0.0,0.0,0.0
40,40,0.0,0.0,0.0,0.0
40,41,0.0,0.0,0.0,0.0
40,42,0.0,0.0,0.0,0.0
40,43,0.0,0.0,0.0,0.0
40,44,0.0,0.0,0.0,0.0
40,45,450.0000019158644,2.6734983097479015e-12,3.78925195870826e-28,0.0
40,46,461.8320009933167,1.8235474556917357,4.635252610384409e-06,0.0
40,47,480.7891984497897,1.1305059641727333,2.8543090194406957e-06,0.0
40,48,507.52290070260733,0.7950882206209074,1.9909982848567245e-06,0.0
40,49,542.310213035901,0.6076964326438026,1.5134754849929128e-06,0.0
40,50,585.4461548457552,0.4893146083425728,1.2167372063459522e-06,0.0
40,51,637.2641773455246,0.4083187412866898,1.0177956807325332e-06,0.0
40,52,698.005448738211,1.016756587443019,7.397739054672457e-06,0.0
40,53,768.0022850079583,0.306657344317195,7.754723050792544e-07,0.0
40,54,847.6796664784541,0.27203299911557627,6.946393353719885e-07,0.0
40,55,943.670605214743,25.559953033120113,0.007388078175496844,0.0
40,56,1055.5586061862516,8.350717520758492,0.0024512125613410534,0.0006973056203676032
50,1,0.0,0.0,0.0,0.0
50,2,0.0,0.0,0.0,0.0
50,3,0.0,0.0,0.0,0.0
50,4,0.0,0.0,0.0,0.0
50,5,0.0,0.0,0.0,0.0
50,6,0.0,0.0,0.0,0.0
50,7,0.0,0.0,0.0,0.0
50,8,0.0,0.0,0.0,0.0
50,9,0.0,0.0,0.0,0.0
50,10,0.0,0.0,0.0,0.0
50,11,0.0,0.0,0.0,0.0
50,12,0.0,0.0,0.0,0.0
50,13,0.0,0.0,0.0,0.0
50,14,0.0,0.0,0.0,0.0
50,15,0.0,0.0,0.0,0.0
50,16,0.0,0.0,0.0,0.0
50,17,0.0,0.0,0.0,0.0
50,18,0.0,0.0,0.0,0.0
50,19,0.0,0.0,0.0,0.0
50,20,0.0,0.0,0.0,0.0
50,21,0.0,0.0,0.0,0.0
50,22,0.0,0.0,0.0,0.0
50,23,0.0,0.0,0.0,0.0
50,24,0.0,0.0,0.0,0.0
50,25,0.0,0.0,0.0,0.0
50,26,0.0,0.0,0.0,0.0
50,27,0.0,0.0,0.0,0.0
50,28,0.0,0.0,0.0,0.0
50,29,0.0,0.0,0.0,0.0
50,30,0.0,0.0,0.0,0.0
50,31,0.0,0.0,0.0,0.0
50,32,0.0,0.0,0.0,0.0
50,33,0.0,0.0,0.0,0.0
50,34,0.0,0.0,0.0,0.0
50,35,0.0,0.0,0.0,0.0
50,36,0.0,0.0,0.0,0.0
50,37,0.0,0.0,0.0,0.0
50,38,0.0,0.0,0.0,0.0
50,39,0.0,0.0,0.0,0.0
50,40,0.0,0.0,0.0,0.0
50,41,0.0,0.0,0.0,0.0
50,42,0.0,0.0,0.0,0.0
50,43,0.0,0.0,0.0,0.0
50,44,0.0,0.0,0.0,0.0
50,45,450.00000191586247,3.2327296121378773e-12,5.5402889913424145e-28,0.0
50,46,461.73855980944495,23.573365107595986,0.0007684914710941465,0.0
50,47,480.54387462756637,14.743380176934412,0.00048156606755566685,0.0
50,48,507.42117103914387,10.338135386269323,0.0003384162057289187,0.0
50,49,543.0588045158477,7.813562699901551,0.00025632336765534517,0.0
50,50,588.2261965855145,13.756819212473717,0.001007029552891603,0.0
50,51,645.5275580968159,52.514802418004734,0.01861699376269131,0.0
50,52,713.7028745394568,12.568150630152482,0.0012686769723259832,0.0
50,53,789.3581804177225,7.854931916972856,0.0005499274295200472,0.0
50,54,874.5860118312759,0.10234048382836859,1.0516167871628446e-07,0.0
50,55,968.9486497057733,0.09158336980343797,9.324261653204014e-08,0.0
50,56,1074.0142699083603,5.773834724773383,0.001100371155202788,-0.00025083725402943015
60,1,0.0,0.0,0.0,0.0
60,2,0.0,0.0,0.0,0.0
60,3,0.0,0.0,0.0,0.0
60,4,0.0,0.0,0.0,0.0
60,5,0.0,0.0,0.0,0.0
60,6,0.0,0.0,0.0,0.0
60,7,0.0,0.0,0.0,0.0
60,8,0.0,0.0,0.0,0.0
60,9,0.0,0.0,0.0,0.0
60,10,0.0,0.0,0.0,0.0
60,11,0.0,0.0,0.0,0.0
60,12,0.0,0.0,0.0,0.0
60,13,0.0,0.0,0.0,0.0
60,14,0.0,0.0,0.0,0.0
60,15,0.0,0.0,0.0,0.0
60,16,0.0,0.0,0.0,0.0
60,17,0.0,0.0,0.0,0.0
60,18,0.0,0.0,0.0,0.0
60,19,0.0,0.0,0.0,0.0
60,20,0.0,0.0,0.0,0.0
60,21,0.0,0.0,0.0,0.0
60,22,0.0,0.0,0.0,0.0
60,23,0.0,0.0,0.0,0.0
60,24,0.0,0.0,0.0,0.0
60,25,0.0,0.0,0.0,0.0
60,26,0.0,0.0,0.0,0.0
60,27,0.0,0.0,0.0,0.0
60,28,0.0,0.0,0.0,0.0
60,29,0.0,0.0,0.0,0.0
60,30,0.0,0.0,0.0,0.0
60,31,0.0,0.0,0.0,0.0
60,32,0.0,0.0,0.0,0.0
60,33,0.0,0.0,0.0,0.0
60,34,0.0,0.0,0.0,0.0
60,35,0.0,0.0,0.0,0.0
60,36,0.0,0.0,0.0,0.0
60,37,0.0,0.0,0.0,0.0
60,38,0.0,0.0,0.0,0.0
60,39,0.0,0.0,0.0,0.0
60,40,0.0,0.0,0.0,0.0
60,41,0.0,0.0,0.0,0.0
60,42,0.0,0.0,0.0,0.0
60,43,0.0,0.0,0.0,0.0
60,44,0.0,0.0,0.0,0.0
60,45,450.0000019158628,3.50057818335782e-12,6.496406910572041e-28,0.0
60,46,461.8483628753673,10.24457756087306,0.00014649659362955456,0.0
60,47,481.04293524766234,6.346653454664245,9.108548014922111e-05,0.0
60,48,508.2742762948891,4.490143764604946,6.46800969984068e-05,0.0
60,49,543.7889457270423,3.4544987728543033,4.992970528062178e-05,0.0
60,50,587.8272546229714,2.7941420481527994,4.050500924899737e-05,0.0
60,51,640.6603901509638,2.334918041373629,3.3933668120888463e-05,0.0
60,52,702.5976127132253,1.9957823268013835,2.906425611758756e-05,0.0
60,53,773.970047421297,1.734477744195996,2.5295840581409336e-05,0.0
60,54,855.1819167473252,1.5241266295068738,2.2225050161332778e-05,0.0
60,55,951.2327844319324,22.186424396639243,0.005570023985014899,0.0
60,56,1059.1131450327487,11.248384262392662,0.004288175491756257,0.0008906390630743658
70,1,0.0,0.0,0.0,0.0
70,2,0.0,0.0,0.0,0.0
70,3,0.0,0.0,0.0,0.0
70,4,0.0,0.0,0.0,0.0
70,5,0.0,0.0,0.0,0.0
70,6,0.0,0.0,0.0,0.0
70,7,0.0,0.0,0.0,0.0
70,8,0.0,0.0,0.0,0.0
70,9,0.0,0.0,0.0,0.0
70,10,0.0,0.0,0.0,0.0
70,11,0.0,0.0,0.0,0.0
70,12,0.0,0.0,0.0,0.0
70,13,0.0,0.0,0.0,0.0
70,14,0.0,0.0,0.0,0.0
70,15,0.0,0.0,0.0,0.0
70,16,0.0,0.0,0.0,0.0
70,17,0.0,0.0,0.0,0.0
70,18,0.0,0.0,0.0,0.0
70,19,0.0,0.0,0.0,0.0
70,20,0.0,0.0,0.0,0.0
70,21,0.0,0.0,0.0,0.0
70,22,0.0,0.0,0.0,0.0
70,23,0.0,0.0,0.0,0.0
70,24,0.0,0.0,0.0,0.0
70,25,0.0,0.0,0.0,0.0
70,26,0.0,0.0,0.0,0.0
70,27,0.0,0.0,0.0,0.0
70,28,0.0,0.0,0.0,0.0
70,29,0.0,0.0,0.0,0.0
70,30,0.0,0.0,0.0,0.0
70,31,0.0,0.0,0.0,0.0
70,32,0.0,0.0,0.0,0.0
70,33,0.0,0.0,0.0,0.0
70,34,0.0,0.0,0.0,0.0
70,35,0.0,0.0,0.0,0.0
70,36,0.0,0.0,0.0,0.0
70,37,0.0,0.0,0.0,0.0
70,38,0.0,0.0,0.0,0.0
70,39,0.0,0.0,0.0,0.0
70,40,0.0,0.0,0.0,0.0
70,41,0.0,0.0,0.0,0.0
70,42,0.0,0.0,0.0,0.0
70,43,0.0,0.0,0.0,0.0
70,44,0.0,0.0,0.0,0.0
70,45,450.000001915864,3.791453852535083e-12,7.620881431674409e-28,0.0
70,46,461.767972651197,14.853956821426078,0.0003058912360715859,0.0
70,47,480.57073814762646,9.298729944509361,0.000191535879462565,0.0
70,48,507.227424711597,6.558173385068127,0.0001350681945237473,0.0
70,49,542.379960368282,4.971824721953307,0.00010236922534238303,0.0
70,50,586.7978881502429,3.9336538780768158,8.097141364965008e-05,0.0
70,51,643.5182507444802,36.69539897665838,0.00899794567731918,0.0
70,52,712.0111296684058,0.9760399640954344,7.68708639352101e-06,0.0
70,53,788.1411150048714,14.525490161344196,0.0018923369940180596,0.0
70,54,870.6940063910415,4.9717978716686195,0.00024040326268454565,0.0
70,55,962.7019151679054,11.318358701256855,0.001388587358604416,0.0
70,56,1070.4356625107848,12.80894540107879,0.005553009135182155,0.000594970098648293
80,1,0.0,0.0,0.0,0.0
80,2,0.0,0.0,0.0,0.0
80,3,0.0,0.0,0.0,0.0
80,4,0.0,0.0,0.0,0.0
80,5,0.0,0.0,0.0,0.0
80,6,0.0,0.0,0.0,0.0
80,7,0.0,0.0,0.0,0.0
80,8,0.0,0.0,0.0,0.0
80,9,0.0,0.0,0.0,0.0
80,10,0.0,0.0,0.0,0.0
80,11,0.0,0.0,0.0,0.0
80,12,0.0,0.0,0.0,0.0
80,13,0.0,0.0,0.0,0.0
80,14,0.0,0.0,0.0,0.0
80,15,0.0,0.0,0.0,0.0
80,16,0.0,0.0,0.0,0.0
80,17,0.0,0.0,0.0,0.0
80,18,0.0,0.0,0.0,0.0
80,19,0.0,0.0,0.0,0.0
80,20,0.0,0.0,0.0,0.0
80,21,0.0,0.0,0.0,0.0
80,22,0.0,0.0,0.0,0.0
80,23,0.0,0.0,0.0,0.0
80,24,0.0,0.0,0.0,0.0
80,25,0.0,0.0,0.0,0.0
80,26,0.0,0.0,0.0,0.0
80,27,0.0,0.0,0.0,0.0
80,28,0.0,0.0,0.0,0.0
80,29,0.0,0.0,0.0,0.0
80,30,0.0,0.0,0.0,0.0
80,31,0.0,0.0,0.0,0.0
80,32,0.0,0.0,0.0,0.0
80,33,0.0,0.0,0.0,0.0
80,34,0.0,0.0,0.0,0.0
80,35,0.0,0.0,0.0,0.0
80,36,0.0,0.0,0.0,0.0
80,37,0.0,0.0,0.0,0.0
80,38,0.0,0.0,0.0,0.0
80,39,0.0,0.0,0.0,0.0
80,40,0.0,0.0,0.0,0.0
80,41,0.0,0.0,0.0,0.0
80,42,0.0,0.0,0.0,0.0
80,43,0.0,0.0,0.0,0.0
80,44,0.0,0.0,0.0,0.0
80,45,450.000001915863,3.899496385647754e-12,8.061404256390748e-28,0.0
80,46,461.72595972415536,17.276380926410624,0.00041232057805897307,0.0
80,47,480.3398740672045,10.906057750677837,0.0002608281359435035,0.0
80,48,506.5211532984705,7.770225944841924,0.0001862255639207077,0.0
80,49,540.5000426462007,5.998739373042912,0.00014404901958074928,0.0
80,50,582.4822259873388,4.863520169508558,0.00011698969369446962,0.0
80,51,632.6935915368879,4.072422040125296,9.810445544332376e-05,0.0
80,52,691.380955880828,3.488497196247306,8.413999903377224e-05,0.0
80,53,758.8044949047967,3.0394941582815385,7.338297445136533e-05,0.0
80,54,835.2412793311915,2.682819804520653,6.481366146376246e-05,0.0
80,55,920.9718543362986,2.392988801659195,5.783599474220384e-05,0.0
80,56,1021.4811373889347,17.21860001005496,0.009361635393174314,-0.0004198271066873717
90,1,0.0,0.0,0.0,0.0
90,2,0.0,0.0,0.0,0.0
90,3,0.0,0.0,0.0,0.0
90,4,0.0,0.0,0.0,0.0
90,5,0.0,0.0,0.0,0.0
90,6,0.0,0.0,0.0,0.0
90,7,0.0,0.0,0.0,0.0
90,8,0.0,0.0,0.0,0.0
90,9,0.0,0.0,0.0,0.0
90,10,0.0,0.0,0.0,0.0
90,11,0.0,0.0,0.0,0.0
90,12,0.0,0.0,0.0,0.0
90,13,0.0,0.0,0.0,0.0
90,14,0.0,0.0,0.0,0.0
90,15,0.0,0.0,0.0,0.0
90,16,0.0,0.0,0.0,0.0
90,17,0.0,0.0,0.0,0.0
90,18,0.0,0.0,0.0,0.0
90,19,0.0,0.0,0.0,0.0
90,20,0.0,0.0,0.0,0.0
90,21,0.0,0.0,0.0,0.0
90,22,0.0,0.0,0.0,0.0
90,23,0.0,0.0,0.0,0.0
90,24,0.0,0.0,0.0,0.0
90,25,0.0,0.0,0.0,0.0
90,26,0.0,0.0,0.0,0.0
90,27,0.0,0.0,0.0,0.0
90,28,0.0,0.0,0.0,0.0
90,29,0.0,0.0,0.0,0.0
90,30,0.0,0.0,0.0,0.0
90,31,0.0,0.0,0.0,0.0
90,32,0.0,0.0,0.0,0.0
90,33,0.0,0.0,0.0,0.0
90,34,0.0,0.0,0.0,0.0
90,35,0.0,0.0,0.0,0.0
90,36,0.0,0.0,0.0,0.0
90,37,0.0,0.0,0.0,0.0
90,38,0.0,0.0,0.0,0.0
90,39,0.0,0.0,0.0,0.0
90,40,0.0,0.0,0.0,0.0
90,41,0.0,0.0,0.0,0.0
90,42,0.0,0.0,0.0,0.0
90,43,0.0,0.0,0.0,0.0
90,44,0.0,0.0,0.0,0.0
90,45,450.00000191586287,4.217295875109429e-12,9.42891668504089e-28,0.0
90,46,461.8077852900789,19.840287248819422,0.0005475772906652788,0.0
90,47,480.9076688236071,12.286955178875147,0.00033970380196029484,0.0
90,48,508.0156939369922,8.670669270162508,0.00024009563346504657,0.0
90,49,543.338149570026,6.663071849234294,0.00018474854275222016,0.0
90,50,587.0852971268521,5.386225666880356,0.00014952023523636694,0.0
90,51,639.5298657588154,4.497781783947614,0.00012499090726260625,0.0
90,52,707.8664714881515,39.89636530313321,0.012814486491001878,0.0
90,53,785.4361907310152,25.97290613415691,0.006164735559142376,0.0
90,54,865.5648605775809,4.184072961460784,0.0001652599328906069,0.0
90,55,955.6095142740751,5.5906412025484125,0.00033156014003129223,0.0
90,56,1061.9241734291663,24.198852119917902,0.01955836537420894,-0.0006130029956224824
100,1,0.0,0.0,0.0,0.0
100,2,0.0,0.0,0.0,0.0
100,3,0.0,0.0,0.0,0.0
100,4,0.0,0.0,0.0,0.0
100,5,0.0,0.0,0.0,0.0
100,6,0.0,0.0,0.0,0.0
100,7,0.0,0.0,0.0,0.0
100,8,0.0,0.0,0.0,0.0
100,9,0.0,0.0,0.0,0.0
100,10,0.0,0.0,0.0,0.0
100,11,0.0,0.0,0.0,0.0
100,12,0.0,0.0,0.0,0.0
100,13,0.0,0.0,0.0,0.0
100,14,0.0,0.0,0.0,0.0
100,15,0.0,0.0,0.0,0.0
100,16,0.0,0.0,0.0,0.0
100,17,0.0,0.0,0.0,0.0
100,18,0.0,0.0,0.0,0.0
100,19,0.0,0.0,0.0,0.0
100,20,0.0,0.0,0.0,0.0
100,21,0.0,0.0,0.0,0.0
100,22,0.0,0.0,0.0,0.0
100,23,0.0,0.0,0.0,0.0
100,24,0.0,0.0,0.0,0.0
100,25,0.0,0.0,0.0,0.0
100,26,0.0,0.0,0.0,0.0
100,27,0.0,0.0,0.0,0.0
100,28,0.0,0.0,0.0,0.0
100,29,0.0,0.0,0.0,0.0
100,30,0.0,0.0,0.0,0.0
100,31,0.0,0.0,0.0,0.0
100,32,0.0,0.0,0.0,0.0
100,33,0.0,0.0,0.0,0.0
100,34,0.0,0.0,0.0,0.0
100,35,0.0,0.0,0.0,0.0
100,36,0.0,0.0,0.0,0.0
100,37,0.0,0.0,0.0,0.0
100,38,0.0,0.0,0.0,0.0
100,39,0.0,0.0,0.0,0.0
100,40,0.0,0.0,0.0,0.0
100,41,0.0,0.0,0.0,0.0
100,42,0.0,0.0,0.0,0.0
100,43,0.0,0.0,0.0,0.0
100,44,0.0,0.0,0.0,0.0
100,45,450.00000191586327,4.186913793696421e-12,9.293551164431695e-28,0.0
100,46,461.8879627882923,18.80602102074964,0.0004953159826548543,0.0
100,47,481.14130885571274,11.630370118428157,0.0003068134745298761,0.0
100,48,508.42738515588246,8.219273950543574,0.0002171646544879871,0.0
100,49,543.9807009831059,6.3172046447877985,0.00016715183291672004,0.0
100,50,588.0259897496353,5.10605472534883,0.00013528558761099143,0.0
100,51,640.8164493327278,4.265311568740711,0.00011314571326968076,0.0
100,52,702.6318553241448,3.646406101670042,9.682955489299779e-05,0.0
100,53,773.7632160622094,3.1715798401666717,8.429339668274281e-05,0.0
100,54,854.5061356692387,2.7958609629543827,7.435612180930742e-05,0.0
100,55,945.1551668378513,2.491451985241955,6.629020333721438e-05,0.0
100,56,1053.2882332699598,27.78451011182843,0.026224902319227514,-0.0006792366843775267
110,1,0.0,0.0,0.0,0.0
110,2,0.0,0.0,0.0,0.0
110,3,0.0,0.0,0.0,0.0
110,4,0.0,0.0,0.0,0.0
110,5,0.0,0.0,0.0,0.0
110,6,0.0,0.0,0.0,0.0
110,7,0.0,0.0,0.0,0.0
110,8,0.0,0.0,0.0,0.0
110,9,0.0,0.0,0.0,0.0
110,10,0.0,0.0,0.0,0.0
110,11,0.0,0.0,0.0,0.0
110,12,0.0,0.0,0.0,0.0
110,13,0.0,0.0,0.0,0.0
110,14,0.0,0.0,0.0,0.0
110,15,0.0,0.0,0.0,0.0
110,16,0.0,0.0,0.0,0.0
110,17,0.0,0.0,0.0,0.0
110,18,0.0,0.0,0.0,0.0
110,19,0.0,0.0,0.0,0.0
110,20,0.0,0.0,0.0,0.0
110,21,0.0,0.0,0.0,0.0
110,22,0.0,0.0,0.0,0.0
110,23,0.0,0.0,0.0,0.0
110,24,0.0,0.0,0.0,0.0
110,25,0.0,0.0,0.0,0.0
110,26,0.0,0.0,0.0,0.0
110,27,0.0,0.0,0.0,0.0
110,28,0.0,0.0,0.0,0.0
110,29,0.0,0.0,0.0,0.0
110,30,0.0,0.0,0.0,0.0
110,31,0.0,0.0,0.0,0.0
110,32,0.0,0.0,0.0,0.0
110,33,0.0,0.0,0.0,0.0
110,34,0.0,0.0,0.0,0.0
110,35,0.0,0.0,0.0,0.0
110,36,0.0,0.0,0.0,0.0
110,37,0.0,0.0,0.0,0.0
110,38,0.0,0.0,0.0,0.0
110,39,0.0,0.0,0.0,0.0
110,40,0.0,0.0,0.0,0.0
110,41,0.0,0.0,0.0,0.0
110,42,0.0,0.0,0.0,0.0
110,43,0.0,0.0,0.0,0.0
110,44,0.0,0.0,0.0,0.0
110,45,450.0000019158634,4.205796668528975e-12,9.377567553322158e-28,0.0
110,46,461.77545102086975,18.90753572432827,0.0004959392482798681,0.0
110,47,480.6298697308346,11.826939675450209,0.0003106984246130844,0.0
110,48,507.24817855837745,8.39035808347782,0.0002207611216407996,0.0
110,49,541.8648188371927,6.461649821418036,0.00017027578549455092,0.0
110,50,584.6971277714496,5.230035935181643,0.00013802634011506293,0.0
110,51,635.9880840097452,4.3737037197126885,0.00011559010450035463,0.0
110,52,696.0075211269555,3.7425035688713866,9.903700650743417e-05,0.0
110,53,765.0435228380185,3.2574270224891544,8.629907900276754e-05,0.0
110,54,843.391891496652,2.872954392109381,7.618484037207667e-05,0.0
110,55,931.3444544744248,2.5609887445058415,6.795868699816765e-05,0.0
110,56,1035.010971454135,18.676026724151725,0.011359451282664442,3.9862781980816464e-05
120,1,0.0,0.0,0.0,0.0
120,2,0.0,0.0,0.0,0.0
120,3,0.0,0.0,0.0,0.0
120,4,0.0,0.0,0.0,0.0
120,5,0.0,0.0,0.0,0.0
120,6,0.0,0.0,0.0,0.0
120,7,0.0,0.0,0.0,0.0
120,8,0.0,0.0,0.0,0.0
120,9,0.0,0.0,0.0,0.0
120,10,0.0,0.0,0.0,0.0
120,11,0.0,0.0,0.0,0.0
120,12,0.0,0.0,0.0,0.0
120,13,0.0,0.0,0.0,0.0
120,14,0.0,0.0,0.0,0.0
120,15,0.0,0.0,0.0,0.0
120,16,0.0,0.0,0.0,0.0
120,17,0.0,0.0,0.0,0.0
120,18,0.0,0.0,0.0,0.0
120,19,0.0,0.0,0.0,0.0
120,20,0.0,0.0,0.0,0.0
120,21,0.0,0.0,0.0,0.0
120,22,0.0,0.0,0.0,0.0
120,23,0.0,0.0,0.0,0.0
120,24,0.0,0.0,0.0,0.0
120,25,0.0,0.0,0.0,0.0
120,26,0.0,0.0,0.0,0.0
120,27,0.0,0.0,0.0,0.0
120,28,0.0,0.0,0.0,0.0
120,29,0.0,0.0,0.0,0.0
120,30,0.0,0.0,0.0,0.0
120,31,0.0,0.0,0.0,0.0
120,32,0.0,0.0,0.0,0.0
120,33,0.0,0.0,0.0,0.0
120,34,0.0,0.0,0.0,0.0
120,35,0.0,0.0,0.0,0.0
120,36,0.0,0.0,0.0,0.0
120,37,0.0,0.0,0.0,0.0
120,38,0.0,0.0,0.0,0.0
120,39,0.0,0.0,0.0,0.0
120,40,0.0,0.0,0.0,0.0
120,41,0.0,0.0,0.0,0.0
120,42,0.0,0.0,0.0,0.0
120,43,0.0,0.0,0.0,0.0
120,44,0.0,0.0,0.0,0.0
120,45,450.0000019158637,4.301804443784515e-12,9.810586781421506e-28,0.0
120,46,461.77278610649336,5.667077228308781,4.4542909924670776e-05,0.0
120,47,480.44141093779143,3.5830444838660944,2.8235655115121178e-05,0.0
120,48,506.6279835389551,2.5605537016431854,2.0226818506918373e-05,0.0
120,49,540.5596560205121,1.980297297143583,1.5676431036678427e-05,0.0
120,50,582.4614035246452,1.606686314628219,1.2743110965216145e-05,0.0
120,51,632.5930070887151,1.3452484881558828,1.0688032416981995e-05,0.0
120,52,691.24629142096,1.1515937686324997,9.163725863106412e-06,0.0
120,53,758.7292769560304,1.0022451813428777,7.985891076006028e-06,0.0
120,54,835.3595475720629,0.8835392706076782,7.047469651181443e-06,0.0
120,55,927.8136260391276,25.588946989103952,0.007132011647482638,0.0
120,56,1035.2039517901705,2.108932771023485,0.00015005155599566593,-0.0004930633374102086
130,1,0.0,0.0,0.0,0.0
130,2,0.0,0.0,0.0,0.0
130,3,0.0,0.0,0.0,0.0
130,4,0.0,0.0,0.0,0.0
130,5,0.0,0.0,0.0,0.0
130,6,0.0,0.0,0.0,0.0
130,7,0.0,0.0,0.0,0.0
130,8,0.0,0.0,0.0,0.0
130,9,0.0,0.0,0.0,0.0
130,10,0.0,0.0,0.0,0.0
130,11,0.0,0.0,0.0,0.0
130,12,0.0,0.0,0.0,0.0
130,13,0.0,0.0,0.0,0.0
130,14,0.0,0.0,0.0,0.0
130,15,0.0,0.0,0.0,0.0
130,16,0.0,0.0,0.0,0.0
130,17,0.0,0.0,0.0,0.0
130,18,0.0,0.0,0.0,0.0
130,19,0.0,0.0,0.0,0.0
130,20,0.0,0.0,0.0,0.0
130,21,0.0,0.0,0.0,0.0
130,22,0.0,0.0,0.0,0.0
130,23,0.0,0.0,0.0,0.0
130,24,0.0,0.0,0.0,0.0
130,25,0.0,0.0,0.0,0.0
130,26,0.0,0.0,0.0,0.0
130,27,0.0,0.0,0.0,0.0
130,28,0.0,0.0,0.0,0.0
130,29,0.0,0.0,0.0,0.0
130,30,0.0,0.0,0.0,0.0
130,31,0.0,0.0,0.0,0.0
130,32,0.0,0.0,0.0,0.0
130,33,0.0,0.0,0.0,0.0
130,34,0.0,0.0,0.0,0.0
130,35,0.0,0.0,0.0,0.0
130,36,0.0,0.0,0.0,0.0
130,37,0.0,0.0,0.0,0.0
130,38,0.0,0.0,0.0,0.0
130,39,0.0,0.0,0.0,0.0
130,40,0.0,0.0,0.0,0.0
130,41,0.0,0.0,0.0,0.0
130,42,0.0,0.0,0.0,0.0
130,43,0.0,0.0,0.0,0.0
130,44,0.0,0.0,0.0,0.0
130,45,450.00000191586435,4.061656902721864e-12,8.745811760535144e-28,0.0
130,46,461.7255582288633,19.11941535853682,0.0005049679485961824,0.0
130,47,480.1926933969086,12.141819207192805,0.00032073635708491623,0.0
130,48,506.0326700359621,8.67921759732957,0.0002293160279281273,0.0
130,49,539.4774667156548,6.7081498959182895,0.0001773026462543798,0.0
130,50,580.7487548808941,5.438866591601834,0.00014382883982542934,0.0
130,51,630.0956139483123,4.55172078609362,0.00012044586153059027,0.0
130,52,687.7933979923918,3.895743832801787,0.00010316230992203863,0.0
130,53,754.1329002445418,3.390817932223336,8.98591469786163e-05,0.0
130,54,829.4081156919273,2.9904405403929015,7.930553348145884e-05,0.0
130,55,919.8278438932646,22.814616657961487,0.005544605986597326,0.0
130,56,1024.0378044462157,2.161928239843921,0.00015301769411782187,0.00044311344060338307
140,1,0.0,0.0,0.0,0.0
140,2,0.0,0.0,0.0,0.0
140,3,0.0,0.0,0.0,0.0
140,4,0.0,0.0,0.0,0.0
140,5,0.0,0.0,0.0,0.0
140,6,0.0,0.0,0.0,0.0
140,7,0.0,0.0,0.0,0.0
140,8,0.0,0.0,0.0,0.0
140,9,0.0,0.0,0.0,0.0
140,10,0.0,0.0,0.0,0.0
140,11,0.0,0.0,0.0,0.0
140,12,0.0,0.0,0.0,0.0
140,13,0.0,0.0,0.0,0.0
140,14,0.0,0.0,0.0,0.0
140,15,0.0,0.0,0.0,0.0
140,16,0.0,0.0,0.0,0.0
140,17,0.0,0.0,0.0,0.0
140,18,0.0,0.0,0.0,0.0
140,19,0.0,0.0,0.0,0.0
140,20,0.0,0.0,0.0,0.0
140,21,0.0,0.0,0.0,0.0
140,22,0.0,0.0,0.0,0.0
140,23,0.0,0.0,0.0,0.0
140,24,0.0,0.0,0.0,0.0
140,25,0.0,0.0,0.0,0.0
140,26,0.0,0.0,0.0,0.0
140,27,0.0,0.0,0.0,0.0
140,28,0.0,0.0,0.0,0.0
140,29,0.0,0.0,0.0,0.0
140,30,0.0,0.0,0.0,0.0
140,31,0.0,0.0,0.0,0.0
140,32,0.0,0.0,0.0,0.0
140,33,0.0,0.0,0.0,0.0
140,34,0.0,0.0,0.0,0.0
140,35,0.0,0.0,0.0,0.0
140,36,0.0,0.0,0.0,0.0
140,37,0.0,0.0,0.0,0.0
140,38,0.0,0.0,0.0,0.0
140,39,0.0,0.0,0.0,0.0
140,40,0.0,0.0,0.0,0.0
140,41,0.0,0.0,0.0,0.0
140,42,0.0,0.0,0.0,0.0
140,43,0.0,0.0,0.0,0.0
140,44,0.0,0.0,0.0,0.0
140,45,450.0000019158659,3.822503379870745e-12,7.7462125983530445e-28,0.0
140,46,461.7590806756256,67.70252538354617,0.006349860391550374,0.0
140,47,480.8825215962551,41.638437151535,0.003906034004314258,0.0
140,48,508.5231571241389,28.81415422370865,0.0027035905355994034,0.0
140,49,545.2383382172012,21.69793612448617,0.0020364027169907897,0.0
140,50,591.5336538184002,22.529820850078593,0.0027684307613067578,0.0
140,51,647.355950696284,18.90970768009443,0.002351573042944135,0.0
140,52,712.2052220886172,12.295952195400627,0.0011550760351524236,0.0
140,53,785.2924356402746,18.21473547478936,0.0028567239922733232,0.0
140,54,865.964924712602,9.890059919697745,0.0009296178258774477,0.0
140,55,958.3146694982717,10.390194252231561,0.0011745301625525671,0.0
140,56,1064.1728966274927,2.249805343756949,0.00016833110602849252,-0.00029450252456337606
150,1,0.0,0.0,0.0,0.0
150,2,0.0,0.0,0.0,0.0
150,3,0.0,0.0,0.0,0.0
150,4,0.0,0.0,0.0,0.0
150,5,0.0,0.0,0.0,0.0
150,6,0.0,0.0,0.0,0.0
150,7,0.0,0.0,0.0,0.0
150,8,0.0,0.0,0.0,0.0
150,9,0.0,0.0,0.0,0.0
150,10,0.0,0.0,0.0,0.0
150,11,0.0,0.0,0.0,0.0
150,12,0.0,0.0,0.0,0.0
150,13,0.0,0.0,0.0,0.0
150,14,0.0,0.0,0.0,0.0
150,15,0.0,0.0,0.0,0.0
150,16,0.0,0.0,0.0,0.0
150,17,0.0,0.0,0.0,0.0
150,18,0.0,0.0,0.0,0.0
150,19,0.0,0.0,0.0,0.0
150,20,0.0,0.0,0.0,0.0
150,21,0.0,0.0,0.0,0.0
150,22,0.0,0.0,0.0,0.0
150,23,0.0,0.0,0.0,0.0
150,24,0.0,0.0,0.0,0.0
150,25,0.0,0.0,0.0,0.0
150,26,0.0,0.0,0.0,0.0
150,27,0.0,0.0,0.0,0.0
150,28,0.0,0.0,0.0,0.0
150,29,0.0,0.0,0.0,0.0
150,30,0.0,0.0,0.0,0.0
150,31,0.0,0.0,0.0,0.0
150,32,0.0,0.0,0.0,0.0
150,33,0.0,0.0,0.0,0.0
150,34,0.0,0.0,0.0,0.0
150,35,0.0,0.0,0.0,0.0
150,36,0.0,0.0,0.0,0.0
150,37,0.0,0.0,0.0,0.0
150,38,0.0,0.0,0.0,0.0
150,39,0.0,0.0,0.0,0.0
150,40,0.0,0.0,0.0,0.0
150,41,0.0,0.0,0.0,0.0
150,42,0.0,0.0,0.0,0.0
150,43,0.0,0.0,0.0,0.0
150,44,0.0,0.0,0.0,0.0
150,45,450.0000019158643,3.757020217493168e-12,7.483085722048001e-28,0.0
150,46,461.652580993403,14.525082799272692,0.00028962792494462337,0.0
150,47,479.80746476644015,9.314786559515241,0.00018557541013558825,0.0
150,48,505.07470336883085,6.687224219489412,0.0001331161327607646,0.0
150,49,537.6812922609063,5.17953576245778,0.00010305478945563545,0.0
150,50,577.8482220005758,4.204233412320772,8.364180873251129e-05,0.0
150,51,625.8257225821269,3.520699161629316,7.006104221364151e-05,0.0
150,52,681.8896310984948,3.01453498712193,6.0021268457266135e-05,0.0
150,53,746.3327295113243,2.6245353862004843,5.2295271109264236e-05,0.0
150,54,819.4488099153507,2.3151411205747676,4.6168841786507364e-05,0.0
150,55,907.8367568910656,23.024198940753752,0.0055200529694583444,0.0
150,56,1009.9501361760854,1.5361464901565507,7.570033253070077e-05,0.0008875066348635817
160,1,0.0,0.0,0.0,0.0
160,2,0.0,0.0,0.0,0.0
160,3,0.0,0.0,0.0,0.0
160,4,0.0,0.0,0.0,0.0
160,5,0.0,0.0,0.0,0.0
160,6,0.0,0.0,0.0,0.0
160,7,0.0,0.0,0.0,0.0
160,8,0.0,0.0,0.0,0.0
160,9,0.0,0.0,0.0,0.0
160,10,0.0,0.0,0.0,0.0
160,11,0.0,0.0,0.0,0.0
160,12,0.0,0.0,0.0,0.0
160,13,0.0,0.0,0.0,0.0
160,14,0.0,0.0,0.0,0.0
160,15,0.0,0.0,0.0,0.0
160,16,0.0,0.0,0.0,0.0
160,17,0.0,0.0,0.0,0.0
160,18,0.0,0.0,0.0,0.0
160,19,0.0,0.0,0.0,0.0
160,20,0.0,0.0,0.0,0.0
160,21,0.0,0.0,0.0,0.0
160,22,0.0,0.0,0.0,0.0
160,23,0.0,0.0,0.0,0.0
160,24,0.0,0.0,0.0,0.0
160,25,0.0,0.0,0.0,0.0
160,26,0.0,0.0,0.0,0.0
160,27,0.0,0.0,0.0,0.0
160,28,0.0,0.0,0.0,0.0
160,29,0.0,0.0,0.0,0.0
160,30,0.0,0.0,0.0,0.0
160,31,0.0,0.0,0.0,0.0
160,32,0.0,0.0,0.0,0.0
160,33,0.0,0.0,0.0,0.0
160,34,0.0,0.0,0.0,0.0
160,35,0.0,0.0,0.0,0.0
160,36,0.0,0.0,0.0,0.0
160,37,0.0,0.0,0.0,0.0
160,38,0.0,0.0,0.0,0.0
160,39,0.0,0.0,0.0,0.0
160,40,0.0,0.0,0.0,0.0
160,41,0.0,0.0,0.0,0.0
160,42,0.0,0.0,0.0,0.0
160,43,0.0,0.0,0.0,0.0
160,44,0.0,0.0,0.0,0.0
160,45,450.000001915865,3.4400557155060827e-12,6.273712446290366e-28,0.0
160,46,461.8505073043981,30.225281894021673,0.001275436180304369,0.0
160,47,481.0350414297835,18.66858443131934,0.0007876897139877862,0.0
160,48,508.2525905233811,13.15734530941373,0.0005550942144166391,0.0
160,49,543.7479170426345,10.08981456352608,0.0004257147377279402,0.0
160,50,587.7503382113526,8.14152248914547,0.0003436125106030192,0.0
160,51,640.5163477398255,6.792618633610638,0.00028682028054431014,0.0
160,52,702.3294857746307,5.802072482318194,0.00024514793087055927,0.0
160,53,773.4908166108098,5.043466443816892,0.00021324726666368773,0.0
160,54,854.3055974982964,4.444195186868147,0.00018804344093055353,0.0
160,55,951.2632807223564,21.22134857866139,0.005144099118867344,0.0
160,56,1063.4204515596427,3.4591610573916167,0.0004216173600175111,-0.0002955677099977064
170,1,0.0,0.0,0.0,0.0
170,2,0.0,0.0,0.0,0.0
170,3,0.0,0.0,0.0,0.0
170,4,0.0,0.0,0.0,0.0
170,5,0.0,0.0,0.0,0.0
170,6,0.0,0.0,0.0,0.0
170,7,0.0,0.0,0.0,0.0
170,8,0.0,0.0,0.0,0.0
170,9,0.0,0.0,0.0,0.0
170,10,0.0,0.0,0.0,0.0
170,11,0.0,0.0,0.0,0.0
170,12,0.0,0.0,0.0,0.0
170,13,0.0,0.0,0.0,0.0
170,14,0.0,0.0,0.0,0.0
170,15,0.0,0.0,0.0,0.0
170,16,0.0,0.0,0.0,0.0
170,17,0.0,0.0,0.0,0.0
170,18,0.0,0.0,0.0,0.0
170,19,0.0,0.0,0.0,0.0
170,20,0.0,0.0,0.0,0.0
170,21,0.0,0.0,0.0,0.0
170,22,0.0,0.0,0.0,0.0
170,23,0.0,0.0,0.0,0.0
170,24,0.0,0.0,0.0,0.0
170,25,0.0,0.0,0.0,0.0
170,26,0.0,0.0,0.0,0.0
170,27,0.0,0.0,0.0,0.0
170,28,0.0,0.0,0.0,0.0
170,29,0.0,0.0,0.0,0.0
170,30,0.0,0.0,0.0,0.0
170,31,0.0,0.0,0.0,0.0
170,32,0.0,0.0,0.0,0.0
170,33,0.0,0.0,0.0,0.0
170,34,0.0,0.0,0.0,0.0
170,35,0.0,0.0,0.0,0.0
170,36,0.0,0.0,0.0,0.0
170,37,0.0,0.0,0.0,0.0
170,38,0.0,0.0,0.0,0.0
170,39,0.0,0.0,0.0,0.0
170,40,0.0,0.0,0.0,0.0
170,41,0.0,0.0,0.0,0.0
170,42,0.0,0.0,0.0,0.0
170,43,0.0,0.0,0.0,0.0
170,44,0.0,0.0,0.0,0.0
170,45,450.0000019158642,3.2154237551224514e-12,5.481129814062237e-28,0.0
170,46,461.79976008048965,1.3451595209046647,2.515369709230765e-06,0.0
170,47,480.65330739057123,0.8613186065171423,1.6477900409958804e-06,0.0
170,48,507.20215125328826,0.6255827976277187,1.2240420840202691e-06,0.0
170,49,541.6814257015692,0.48960133538811634,9.736983770121105e-07,0.0
170,50,584.3396203337197,0.399580467298058,8.024022036569477e-07,0.0
170,51,635.4756373257397,0.3345516086121584,6.742706918924157e-07,0.0
170,52,695.4275474597661,0.28491516461310484,5.733440310717401e-07,0.0
170,53,764.4930598175614,0.24581252798204314,4.916436166055589e-07,0.0
170,54,842.8222692258709,0.2144835874528411,4.2451497385950283e-07,0.0
170,55,931.0004441062052,2.889342201565123,8.672418111576738e-05,0.0
170,56,1036.235444026426,24.986079451663525,0.020639839272746787,-0.0008755792739226774
180,1,0.0,0.0,0.0,0.0
180,2,0.0,0.0,0.0,0.0
180,3,0.0,0.0,0.0,0.0
180,4,0.0,0.0,0.0,0.0
180,5,0.0,0.0,0.0,0.0
180,6,0.0,0.0,0.0,0.0
180,7,0.0,0.0,0.0,0.0
180,8,0.0,0.0,0.0,0.0
180,9,0.0,0.0,0.0,0.0
180,10,0.0,0.0,0.0,0.0
180,11,0.0,0.0,0.0,0.0
180,12,0.0,0.0,0.0,0.0
180,13,0.0,0.0,0.0,0.0
180,14,0.0,0.0,0.0,0.0
180,15,0.0,0.0,0.0,0.0
180,16,0.0,0.0,0.0,0.0
180,17,0.0,0.0,0.0,0.0
180,18,0.0,0.0,0.0,0.0
180,19,0.0,0.0,0.0,0.0
180,20,0.0,0.0,0.0,0.0
180,21,0.0,0.0,0.0,0.0
180,22,0.0,0.0,0.0,0.0
180,23,0.0,0.0,0.0,0.0
180,24,0.0,0.0,0.0,0.0
180,25,0.0,0.0,0.0,0.0
180,26,0.0,0.0,0.0,0.0
180,27,0.0,0.0,0.0,0.0
180,28,0.0,0.0,0.0,0.0
180,29,0.0,0.0,0.0,0.0
180,30,0.0,0.0,0.0,0.0
180,31,0.0,0.0,0.0,0.0
180,32,0.0,0.0,0.0,0.0
180,33,0.0,0.0,0.0,0.0
180,34,0.0,0.0,0.0,0.0
180,35,0.0,0.0,0.0,0.0
180,36,0.0,0.0,0.0,0.0
180,37,0.0,0.0,0.0,0.0
180,38,0.0,0.0,0.0,0.0
180,39,0.0,0.0,0.0,0.0
180,40,0.0,0.0,0.0,0.0
180,41,0.0,0.0,0.0,0.0
180,42,0.0,0.0,0.0,0.0
180,43,0.0,0.0,0.0,0.0
180,44,0.0,0.0,0.0,0.0
180,45,450.00000191586173,2.873156531358464e-12,4.376351844398241e-28,0.0
180,46,461.89011623450335,7.628909822363168,8.152524888318964e-05,0.0
180,47,481.11560978939485,4.686483824702151,4.97453949213748e-05,0.0
180,48,508.31681414572006,3.288826084776845,3.466179826349804e-05,0.0
180,49,543.7421721980129,2.509675443535748,2.62863636293877e-05,0.0
180,50,587.6564859306206,2.0144975150362594,2.0995233675628975e-05,0.0
180,51,640.3777570630045,1.6718564697074418,1.7360610501634286e-05,0.0
180,52,702.244828256667,1.421394247779133,1.4725491671900263e-05,0.0
180,53,773.5993622757627,1.231126118523347,1.2741125830816416e-05,0.0
180,54,854.7996608289388,1.0818593804641639,1.1196451329558171e-05,0.0
180,55,953.9409504911617,29.159565148300388,0.009931109964411326,0.0
180,56,1069.3531874173286,4.756351598507075,0.0008202564107650731,-0.0004100969842772944
190,1,0.0,0.0,0.0,0.0
190,2,0.0,0.0,0.0,0.0
190,3,0.0,0.0,0.0,0.0
190,4,0.0,0.0,0.0,0.0
190,5,0.0,0.0,0.0,0.0
190,6,0.0,0.0,0.0,0.0
190,7,0.0,0.0,0.0,0.0
190,8,0.0,0.0,0.0,0.0
190,9,0.0,0.0,0.0,0.0
190,10,0.0,0.0,0.0,0.0
190,11,0.0,0.0,0.0,0.0
190,12,0.0,0.0,0.0,0.0
190,13,0.0,0.0,0.0,0.0
190,14,0.0,0.0,0.0,0.0
190,15,0.0,0.0,0.0,0.0
190,16,0.0,0.0,0.0,0.0
190,17,0.0,0.0,0.0,0.0
190,18,0.0,0.0,0.0,0.0
190,19,0.0,0.0,0.0,0.0
190,20,0.0,0.0,0.0,0.0
190,21,0.0,0.0,0.0,0.0
190,22,0.0,0.0,0.0,0.0
190,23,0.0,0.0,0.0,0.0
190,24,0.0,0.0,0.0,0.0
190,25,0.0,0.0,0.0,0.0
190,26,0.0,0.0,0.0,0.0
190,27,0.0,0.0,0.0,0.0
190,28,0.0,0.0,0.0,0.0
190,29,0.0,0.0,0.0,0.0
190,30,0.0,0.0,0.0,0.0
190,31,0.0,0.0,0.0,0.0
190,32,0.0,0.0,0.0,0.0
190,33,0.0,0.0,0.0,0.0
190,34,0.0,0.0,0.0,0.0
190,35,0.0,0.0,0.0,0.0
190,36,0.0,0.0,0.0,0.0
190,37,0.0,0.0,0.0,0.0
190,38,0.0,0.0,0.0,0.0
190,39,0.0,0.0,0.0,0.0
190,40,0.0,0.0,0.0,0.0
190,41,0.0,0.0,0.0,0.0
190,42,0.0,0.0,0.0,0.0
190,43,0.0,0.0,0.0,0.0
190,44,0.0,0.0,0.0,0.0
190,45,450.0000019158645,2.7401568055041895e-12,3.9805628741988715e-28,0.0
190,46,461.7672408915895,4.954104332341306,3.402405022897608e-05,0.0
190,47,480.71882258906516,3.080390315518233,2.118546989367479e-05,0.0
190,48,507.915415607339,2.1501562137407833,1.481274920510531e-05,0.0
190,49,544.2615062211413,1.6098444649869623,1.109702802587571e-05,0.0
190,50,590.6988959972172,1.2591632581488406,8.673872340198564e-06,0.0
190,51,647.5282045103025,4.4412863753844185,0.0001320599313300212,0.0
190,52,713.1110711422577,13.654239579064047,0.0014404778140581955,0.0
190,53,787.5796312109867,0.7770417318384064,5.297156257660635e-06,0.0
190,54,870.4555891012997,7.649192451073277,0.0005712692885584453,0.0
190,55,963.5079931115893,22.498400569704266,0.005548965539377502,0.0
190,56,1068.1571613596534,29.63509524458218,0.02887342532359221,0.0008871912249977088
200,1,0.0,0.0,0.0,0.0
200,2,0.0,0.0,0.0,0.0
200,3,0.0,0.0,0.0,0.0
200,4,0.0,0.0,0.0,0.0
200,5,0.0,0.0,0.0,0.0
200,6,0.0,0.0,0.0,0.0
200,7,0.0,0.0,0.0,0.0
200,8,0.0,0.0,0.0,0.0
200,9,0.0,0.0,0.0,0.0
200,10,0.0,0.0,0.0,0.0
200,11,0.0,0.0,0.0,0.0
200,12,0.0,0.0,0.0,0.0
200,13,0.0,0.0,0.0,0.0
200,14,0.0,0.0,0.0,0.0
200,15,0.0,0.0,0.0,0.0
200,16,0.0,0.0,0.0,0.0
200,17,0.0,0.0,0.0,0.0
200,18,0.0,0.0,0.0,0.0
200,19,0.0,0.0,0.0,0.0
200,20,0.0,0.0,0.0,0.0
200,21,0.0,0.0,0.0,0.0
200,22,0.0,0.0,0.0,0.0
200,23,0.0,0.0,0.0,0.0
200,24,0.0,0.0,0.0,0.0
200,25,0.0,0.0,0.0,0.0
200,26,0.0,0.0,0.0,0.0
200,27,0.0,0.0,0.0,0.0
200,28,0.0,0.0,0.0,0.0
200,29,0.0,0.0,0.0,0.0
200,30,0.0,0.0,0.0,0.0
200,31,0.0,0.0,0.0,0.0
200,32,0.0,0.0,0.0,0.0
200,33,0.0,0.0,0.0,0.0
200,34,0.0,0.0,0.0,0.0
200,35,0.0,0.0,0.0,0.0
200,36,0.0,0.0,0.0,0.0
200,37,0.0,0.0,0.0,0.0
200,38,0.0,0.0,0.0,0.0
200,39,0.0,0.0,0.0,0.0
200,40,0.0,0.0,0.0,0.0
200,41,0.0,0.0,0.0,0.0
200,42,0.0,0.0,0.0,0.0
200,43,0.0,0.0,0.0,0.0
200,44,0.0,0.0,0.0,0.0
200,45,450.00000191586247,2.3737136432454657e-12,2.9871037563250183e-28,0.0
200,46,461.7075563638082,43.638195962060465,0.0026265211545520926,0.0
200,47,480.5228010502926,27.185445854965806,0.001638188719482952,0.0
200,48,507.3816349137745,19.067771774493,0.001150451152693974,0.0
200,49,542.6793513284127,14.525378698183339,0.0008773697927603281,0.0
200,50,586.7600925152627,11.64219285256733,0.0007038815907418704,0.0
200,51,639.8055487848862,11.796168433816634,0.0008695834385872496,0.0
200,52,701.79874378078,10.091201454404128,0.0007437224862070832,0.0
200,53,772.6947780714961,8.326697325905842,0.0005790934329847417,0.0
200,54,852.6360670684247,6.539608519085355,0.0004027687701643543,0.0
200,55,943.0405802845762,1.9806085772591473,4.178001229541434e-05,0.0
200,56,1045.9612446080307,13.435245590506405,0.005836381505773759,-0.0005390291551090958
210,1,0.0,0.0,0.0,0.0
210,2,0.0,0.0,0.0,0.0
210,3,0.0,0.0,0.0,0.0
210,4,0.0,0.0,0.0,0.0
210,5,0.0,0.0,0.0,0.0
210,6,0.0,0.0,0.0,0.0
210,7,0.0,0.0,0.0,0.0
210,8,0.0,0.0,0.0,0.0
210,9,0.0,0.0,0.0,0.0
210,10,0.0,0.0,0.0,0.0
210,11,0.0,0.0,0.0,0.0
210,12,0.0,0.0,0.0,0.0
210,13,0.0,0.0,0.0,0.0
210,14,0.0,0.0,0.0,0.0
210,15,0.0,0.0,0.0,0.0
210,16,0.0,0.0,0.0,0.0
210,17,0.0,0.0,0.0,0.0
210,18,0.0,0.0,0.0,0.0
210,19,0.0,0.0,0.0,0.0
210,20,0.0,0.0,0.0,0.0
210,21,0.0,0.0,0.0,0.0
210,22,0.0,0.0,0.0,0.0
210,23,0.0,0.0,0.0,0.0
210,24,0.0,0.0,0.0,0.0
210,25,0.0,0.0,0.0,0.0
210,26,0.0,0.0,0.0,0.0
210,27,0.0,0.0,0.0,0.0
210,28,0.0,0.0,0.0,0.0
210,29,0.0,0.0,0.0,0.0
210,30,0.0,0.0,0.0,0.0
210,31,0.0,0.0,0.0,0.0
210,32,0.0,0.0,0.0,0.0
210,33,0.0,0.0,0.0,0.0
210,34,0.0,0.0,0.0,0.0
210,35,0.0,0.0,0.0,0.0
210,36,0.0,0.0,0.0,0.0
210,37,0.0,0.0,0.0,0.0
210,38,0.0,0.0,0.0,0.0
210,39,0.0,0.0,0.0,0.0
210,40,0.0,0.0,0.0,0.0
210,41,0.0,0.0,0.0,0.0
210,42,0.0,0.0,0.0,0.0
210,43,0.0,0.0,0.0,0.0
210,44,0.0,0.0,0.0,0.0
210,45,450.000001915864,2.190785672442342e-12,2.544447181545366e-28,0.0
210,46,461.3882712536254,17.76289443971699,0.00042331761449609457,0.0
210,47,478.5638365265157,11.782075543017314,0.00028088968145765716,0.0
210,48,502.6323452319369,8.413843949764908,0.0002007332094344751,0.0
210,49,534.6582328931532,6.328499208922031,0.00015110671929712794,0.0
210,50,575.9119807459545,23.80735872927914,0.0027546535263620383,0.0
210,51,624.0439750239761,61.95067778629551,0.021762416676189666,0.0
210,52,680.2068632758378,39.233965437431955,0.010184858147459367,0.0
210,53,747.4592488095319,27.283124180669855,0.005897623361505218,0.0
210,54,818.7866530645878,20.076123260970483,0.003386860170551508,0.0
210,55,894.0798695167706,0.08032363942078345,5.723000006255788e-08,0.0
210,56,976.8757401218118,0.25553474610274973,1.6984723154302578e-06,5.801023451998378e-05
220,1,0.0,0.0,0.0,0.0
220,2,0.0,0.0,0.0,0.0
220,3,0.0,0.0,0.0,0.0
220,4,0.0,0.0,0.0,0.0
220,5,0.0,0.0,0.0,0.0
220,6,0.0,0.0,0.0,0.0
220,7,0.0,0.0,0.0,0.0
220,8,0.0,0.0,0.0,0.0
220,9,0.0,0.0,0.0,0.0
220,10,0.0,0.0,0.0,0.0
220,11,0.0,0.0,0.0,0.0
220,12,0.0,0.0,0.0,0.0
220,13,0.0,0.0,0.0,0.0
220,14,0.0,0.0,0.0,0.0
220,15,0.0,0.0,0.0,0.0
220,16,0.0,0.0,0.0,0.0
220,17,0.0,0.0,0.0,0.0
220,18,0.0,0.0,0.0,0.0
220,19,0.0,0.0,0.0,0.0
220,20,0.0,0.0,0.0,0.0
220,21,0.0,0.0,0.0,0.0
220,22,0.0,0.0,0.0,0.0
220,23,0.0,0.0,0.0,0.0
220,24,0.0,0.0,0.0,0.0
220,25,0.0,0.0,0.0,0.0
220,26,0.0,0.0,0.0,0.0
220,27,0.0,0.0,0.0,0.0
220,28,0.0,0.0,0.0,0.0
220,29,0.0,0.0,0.0,0.0
220,30,0.0,0.0,0.0,0.0
220,31,0.0,0.0,0.0,0.0
220,32,0.0,0.0,0.0,0.0
220,33,0.0,0.0,0.0,0.0
220,34,0.0,0.0,0.0,0.0
220,35,0.0,0.0,0.0,0.0
220,36,0.0,0.0,0.0,0.0
220,37,0.0,0.0,0.0,0.0
220,38,0.0,0.0,0.0,0.0
220,39,0.0,0.0,0.0,0.0
220,40,0.0,0.0,0.0,0.0
220,41,0.0,0.0,0.0,0.0
220,42,0.0,0.0,0.0,0.0
220,43,0.0,0.0,0.0,0.0
220,44,0.0,0.0,0.0,0.0
220,45,450.0000019158638,1.6953340485871583e-12,1.5237166904559608e-28,0.0
220,46,461.51612536387796,23.38988487816972,0.0007422387446630346,0.0
220,47,479.2766521463642,15.182936254438788,0.00048233471521920727,0.0
220,48,504.2786233296943,10.800220202004285,0.00034357425323691145,0.0
220,49,537.4051432020904,8.163451254353323,0.0002600785656196988,0.0
220,50,581.6462506268825,33.69214961736555,0.005916495944178636,0.0
220,51,633.8188887668297,54.09852397223352,0.017988492521153705,0.0
220,52,694.7173980673848,42.05187851506881,0.012686990204009718,0.0
220,53,768.8064178735864,18.660040456711886,0.00303920609533271,0.0
220,54,845.3178358517898,30.689471407102577,0.008489580048945854,0.0
220,55,925.0764679778529,5.935912007210389,0.00033108060978477436,0.0
220,56,1014.182292826526,0.21190664363752318,1.257028467445258e-06,0.0005533747316266028
230,1,0.0,0.0,0.0,0.0
230,2,0.0,0.0,0.0,0.0
230,3,0.0,0.0,0.0,0.0
230,4,0.0,0.0,0.0,0.0
230,5,0.0,0.0,0.0,0.0
230,6,0.0,0.0,0.0,0.0
230,7,0.0,0.0,0.0,0.0
230,8,0.0,0.0,0.0,0.0
230,9,0.0,0.0,0.0,0.0
230,10,0.0,0.0,0.0,0.0
230,11,0.0,0.0,0.0,0.0
230,12,0.0,0.0,0.0,0.0
230,13,0.0,0.0,0.0,0.0
230,14,0.0,0.0,0.0,0.0
230,15,0.0,0.0,0.0,0.0
230,16,0.0,0.0,0.0,0.0
230,17,0.0,0.0,0.0,0.0
230,18,0.0,0.0,0.0,0.0
230,19,0.0,0.0,0.0,0.0
230,20,0.0,0.0,0.0,0.0
230,21,0.0,0.0,0.0,0.0
230,22,0.0,0.0,0.0,0.0
230,23,0.0,0.0,0.0,0.0
230,24,0.0,0.0,0.0,0.0
230,25,0.0,0.0,0.0,0.0
230,26,0.0,0.0,0.0,0.0
230,27,0.0,0.0,0.0,0.0
230,28,0.0,0.0,0.0,0.0
230,29,0.0,0.0,0.0,0.0
230,30,0.0,0.0,0.0,0.0
230,31,0.0,0.0,0.0,0.0
230,32,0.0,0.0,0.0,0.0
230,33,0.0,0.0,0.0,0.0
230,34,0.0,0.0,0.0,0.0
230,35,0.0,0.0,0.0,0.0
230,36,0.0,0.0,0.0,0.0
230,37,0.0,0.0,0.0,0.0
230,38,0.0,0.0,0.0,0.0
230,39,0.0,0.0,0.0,0.0
230,40,0.0,0.0,0.0,0.0
230,41,0.0,0.0,0.0,0.0
230,42,0.0,0.0,0.0,0.0
230,43,0.0,0.0,0.0,0.0
230,44,0.0,0.0,0.0,0.0
230,45,450.00000191586463,1.1758240521806778e-12,7.329567275620278e-29,0.0
230,46,461.700567386389,25.27835630945849,0.0008808169303770865,0.0
230,47,480.34572657790216,15.860083493103316,0.0005525329406028297,0.0
230,48,506.65506578674405,11.23561042534734,0.00039127709516015676,0.0
230,49,540.8672893348696,8.637584884189804,0.0003007094651760252,0.0
230,50,583.2103575753441,6.97798130398025,0.0002428975128592829,0.0
230,51,633.9411197922417,5.858698013653033,0.00020514207956973604,0.0
230,52,694.4353943202254,11.864524071979625,0.0010032197120040077,0.0
230,53,765.1715069159878,5.718787643144487,0.00027254001123810847,0.0
230,54,848.5041814903639,21.653845356019435,0.004603270786938228,0.0
230,55,939.681908517081,21.201184408638277,0.004828254445105506,0.0
230,56,1043.3097112658809,4.01451856570322,0.0005246783014130491,8.137148368984214e-05
240,1,0.0,0.0,0.0,0.0
240,2,0.0,0.0,0.0,0.0
240,3,0.0,0.0,0.0,0.0
240,4,0.0,0.0,0.0,0.0
240,5,0.0,0.0,0.0,0.0
240,6,0.0,0.0,0.0,0.0
240,7,0.0,0.0,0.0,0.0
240,8,0.0,0.0,0.0,0.0
240,9,0.0,0.0,0.0,0.0
240,10,0.0,0.0,0.0,0.0
240,11,0.0,0.0,0.0,0.0
240,12,0.0,0.0,0.0,0.0
240,13,0.0,0.0,0.0,0.0
240,14,0.0,0.0,0.0,0.0
240,15,0.0,0.0,0.0,0.0
240,16,0.0,0.0,0.0,0.0
240,17,0.0,0.0,0.0,0.0
240,18,0.0,0.0,0.0,0.0
240,19,0.0,0.0,0.0,0.0
240,20,0.0,0.0,0.0,0.0
240,21,0.0,0.0,0.0,0.0
240,22,0.0,0.0,0.0,0.0
240,23,0.0,0.0,0.0,0.0
240,24,0.0,0.0,0.0,0.0
240,25,0.0,0.0,0.0,0.0
240,26,0.0,0.0,0.0,0.0
240,27,0.0,0.0,0.0,0.0
240,28,0.0,0.0,0.0,0.0
240,29,0.0,0.0,0.0,0.0
240,30,0.0,0.0,0.0,0.0
240,31,0.0,0.0,0.0,0.0
240,32,0.0,0.0,0.0,0.0
240,33,0.0,0.0,0.0,0.0
240,34,0.0,0.0,0.0,0.0
240,35,0.0,0.0,0.0,0.0
240,36,0.0,0.0,0.0,0.0
240,37,0.0,0.0,0.0,0.0
240,38,0.0,0.0,0.0,0.0
240,39,0.0,0.0,0.0,0.0
240,40,0.0,0.0,0.0,0.0
240,41,0.0,0.0,0.0,0.0
240,42,0.0,0.0,0.0,0.0
240,43,0.0,0.0,0.0,0.0
240,44,0.0,0.0,0.0,0.0
240,45,450.00000191586423,1.0786470214820115e-12,6.168113451499558e-29,0.0
240,46,461.4564468046871,22.17698283180434,0.0006637979872777085,0.0
240,47,479.11914368085695,14.383041599848548,0.0004304667676764784,0.0
240,48,504.0316346425928,9.945993164236972,0.00029033180049555267,0.0
240,49,537.5780154157706,41.17910022176637,0.006701631108516728,0.0
240,50,578.2292049319117,16.008246516145267,0.0012272751077118454,0.0
240,51,624.8305704262276,1.7692526471061856,1.718539390174306e-05,0.0
240,52,679.1309096995088,6.885235854566808,0.0003032643267288218,0.0
240,53,747.5280926269102,44.627078899233894,0.016047828578333995,0.0
240,54,828.8080469029529,7.962990556381836,0.0006071793493081129,0.0
240,55,913.9048908120042,29.158367638420607,0.008523559719985085,0.0
240,56,1002.6870456340562,16.238090243977364,0.0073543696624756745,0.0006747009715673496
250,1,0.0,0.0,0.0,0.0
250,2,0.0,0.0,0.0,0.0
250,3,0.0,0.0,0.0,0.0
250,4,0.0,0.0,0.0,0.0
250,5,0.0,0.0,0.0,0.0
250,6,0.0,0.0,0.0,0.0
250,7,0.0,0.0,0.0,0.0
250,8,0.0,0.0,0.0,0.0
250,9,0.0,0.0,0.0,0.0
250,10,0.0,0.0,0.0,0.0
250,11,0.0,0.0,0.0,0.0
250,12,0.0,0.0,0.0,0.0
250,13,0.0,0.0,0.0,0.0
250,14,0.0,0.0,0.0,0.0
250,15,0.0,0.0,0.0,0.0
250,16,0.0,0.0,0.0,0.0
250,17,0.0,0.0,0.0,0.0
250,18,0.0,0.0,0.0,0.0
250,19,0.0,0.0,0.0,0.0
250,20,0.0,0.0,0.0,0.0
250,21,0.0,0.0,0.0,0.0
250,22,0.0,0.0,0.0,0.0
250,23,0.0,0.0,0.0,0.0
250,24,0.0,0.0,0.0,0.0
250,25,0.0,0.0,0.0,0.0
250,26,0.0,0.0,0.0,0.0
250,27,0.0,0.0,0.0,0.0
250,28,0.0,0.0,0.0,0.0
250,29,0.0,0.0,0.0,0.0
250,30,0.0,0.0,0.0,0.0
250,31,0.0,0.0,0.0,0.0
250,32,0.0,0.0,0.0,0.0
250,33,0.0,0.0,0.0,0.0
250,34,0.0,0.0,0.0,0.0
250,35,0.0,0.0,0.0,0.0
250,36,0.0,0.0,0.0,0.0
250,37,0.0,0.0,0.0,0.0
250,38,0.0,0.0,0.0,0.0
250,39,0.0,0.0,0.0,0.0
250,40,0.0,0.0,0.0,0.0
250,41,0.0,0.0,0.0,0.0
250,42,0.0,0.0,0.0,0.0
250,43,0.0,0.0,0.0,0.0
250,44,0.0,0.0,0.0,0.0
250,45,450.0000019158622,6.546577612656983e-13,2.272073090158144e-29,0.0
250,46,461.6313503794079,28.286827454069478,0.0010964269200445438,0.0
250,47,479.9596709696472,17.984638692055963,0.0006984048519604961,0.0
250,48,506.1950896107905,12.590351297207249,0.0004899421854633868,0.0
250,49,541.259344436142,9.438491129483616,0.0003680026094998856,0.0
250,50,587.5980043657152,38.75984125321115,0.008201411257087147,0.0
250,51,641.9122691584897,52.68237709642105,0.01775929702789735,0.0
250,52,704.6666123792006,39.86365895046932,0.011748414113099475,0.0
250,53,776.3671316836629,25.792038767274857,0.005619203848904453,0.0
250,54,856.5096611698766,22.609748157659713,0.004826536956587805,0.0
250,55,946.4366846995097,12.657072201275136,0.0016972189591109236,0.0
250,56,1047.5737471735927,0.7565986915652833,1.8188269469492177e-05,-0.0008691339072252693
260,1,0.0,0.0,0.0,0.0
260,2,0.0,0.0,0.0,0.0
260,3,0.0,0.0,0.0,0.0
260,4,0.0,0.0,0.0,0.0
260,5,0.0,0.0,0.0,0.0
260,6,0.0,0.0,0.0,0.0
260,7,0.0,0.0,0.0,0.0
260,8,0.0,0.0,0.0,0.0
260,9,0.0,0.0,0.0,0.0
260,10,0.0,0.0,0.0,0.0
260,11,0.0,0.0,0.0,0.0
260,12,0.0,0.0,0.0,0.0
260,13,0.0,0.0,0.0,0.0
260,14,0.0,0.0,0.0,0.0
260,15,0.0,0.0,0.0,0.0
260,16,0.0,0.0,0.0,0.0
260,17,0.0,0.0,0.0,0.0
260,18,0.0,0.0,0.0,0.0
260,19,0.0,0.0,0.0,0.0
260,20,0.0,0.0,0.0,0.0
260,21,0.0,0.0,0.0,0.0
260,22,0.0,0.0,0.0,0.0
260,23,0.0,0.0,0.0,0.0
260,24,0.0,0.0,0.0,0.0
260,25,0.0,0.0,0.0,0.0
260,26,0.0,0.0,0.0,0.0
260,27,0.0,0.0,0.0,0.0
260,28,0.0,0.0,0.0,0.0
260,29,0.0,0.0,0.0,0.0
260,30,0.0,0.0,0.0,0.0
260,31,0.0,0.0,0.0,0.0
260,32,0.0,0.0,0.0,0.0
260,33,0.0,0.0,0.0,0.0
260,34,0.0,0.0,0.0,0.0
260,35,0.0,0.0,0.0,0.0
260,36,0.0,0.0,0.0,0.0
260,37,0.0,0.0,0.0,0.0
260,38,0.0,0.0,0.0,0.0
260,39,0.0,0.0,0.0,0.0
260,40,0.0,0.0,0.0,0.0
260,41,0.0,0.0,0.0,0.0
260,42,0.0,0.0,0.0,0.0
260,43,0.0,0.0,0.0,0.0
260,44,0.0,0.0,0.0,0.0
260,45,450.0000019158608,5.917229756726596e-13,1.8562245882344158e-29,0.0
260,46,461.664842827049,34.52983678931896,0.0016385096810499961,0.0
260,47,480.21585340810833,21.69060634636249,0.0010282343277226273,0.0
260,48,506.923448620212,15.05113624190054,0.0007127783496026884,0.0
260,49,542.8405389581416,11.18245411268474,0.0005291228744278644,0.0
260,50,589.037085581396,35.524366978769486,0.006868206553287587,0.0
260,51,643.5668542436988,29.817899290448477,0.005711745955372774,0.0
260,52,703.4935579483605,5.865198172624394,0.00024286610700203373,0.0
260,53,770.6416687411452,5.969367751461085,0.0002818847680008643,0.0
260,54,849.3383625004805,16.475794065297787,0.0025166935573334693,0.0
260,55,940.922481145604,4.848476195571663,0.00025363655524432237,0.0
260,56,1037.6369445322323,18.30166776506471,0.010177066999473983,-0.00039993421273783517
270,1,0.0,0.0,0.0,0.0
270,2,0.0,0.0,0.0,0.0
270,3,0.0,0.0,0.0,0.0
270,4,0.0,0.0,0.0,0.0
270,5,0.0,0.0,0.0,0.0
270,6,0.0,0.0,0.0,0.0
270,7,0.0,0.0,0.0,0.0
270,8,0.0,0.0,0.0,0.0
270,9,0.0,0.0,0.0,0.0
270,10,0.0,0.0,0.0,0.0
270,11,0.0,0.0,0.0,0.0
270,12,0.0,0.0,0.0,0.0
270,13,0.0,0.0,0.0,0.0
270,14,0.0,0.0,0.0,0.0
270,15,0.0,0.0,0.0,0.0
270,16,0.0,0.0,0.0,0.0
270,17,0.0,0.0,0.0,0.0
270,18,0.0,0.0,0.0,0.0
270,19,0.0,0.0,0.0,0.0
270,20,0.0,0.0,0.0,0.0
270,21,0.0,0.0,0.0,0.0
270,22,0.0,0.0,0.0,0.0
270,23,0.0,0.0,0.0,0.0
270,24,0.0,0.0,0.0,0.0
270,25,0.0,0.0,0.0,0.0
270,26,0.0,0.0,0.0,0.0
270,27,0.0,0.0,0.0,0.0
270,28,0.0,0.0,0.0,0.0
270,29,0.0,0.0,0.0,0.0
270,30,0.0,0.0,0.0,0.0
270,31,0.0,0.0,0.0,0.0
270,32,0.0,0.0,0.0,0.0
270,33,0.0,0.0,0.0,0.0
270,34,0.0,0.0,0.0,0.0
270,35,0.0,0.0,0.0,0.0
270,36,0.0,0.0,0.0,0.0
270,37,0.0,0.0,0.0,0.0
270,38,0.0,0.0,0.0,0.0
270,39,0.0,0.0,0.0,0.0
270,40,0.0,0.0,0.0,0.0
270,41,0.0,0.0,0.0,0.0
270,42,0.0,0.0,0.0,0.0
270,43,0.0,0.0,0.0,0.0
270,44,0.0,0.0,0.0,0.0
270,45,450.0000019158629,4.588376975868701e-13,1.116122439671699e-29,0.0
270,46,461.69930352513893,12.38010407247775,0.00021124657134675317,0.0
270,47,480.17484270818994,7.8572758704728,0.00013437617200298224,0.0
270,48,506.08685833183586,5.614152962450219,9.621678021917509e-05,0.0
270,49,539.681110637631,4.339011084659855,7.4512243397851e-05,0.0
270,50,581.213623490981,3.5162197561454995,6.049526284171774e-05,0.0
270,51,631.2573608758958,1.2700279654469022,9.509494790618181e-06,0.0
270,52,696.5756051977949,44.833763900372524,0.01546771082620113,0.0
270,53,770.4171754280189,33.99448025089675,0.010053073894473737,0.0
270,54,846.8111827431352,0.5203846820345073,2.4371902993353003e-06,0.0
270,55,938.5964377645813,29.53143391616319,0.009430248326357867,0.0
270,56,1032.9714386855871,13.4992266542567,0.00540287127077297,0.0003964702071533558
280,1,0.0,0.0,0.0,0.0
280,2,0.0,0.0,0.0,0.0
280,3,0.0,0.0,0.0,0.0
280,4,0.0,0.0,0.0,0.0
280,5,0.0,0.0,0.0,0.0
280,6,0.0,0.0,0.0,0.0
280,7,0.0,0.0,0.0,0.0
280,8,0.0,0.0,0.0,0.0
280,9,0.0,0.0,0.0,0.0
280,10,0.0,0.0,0.0,0.0
280,11,0.0,0.0,0.0,0.0
280,12,0.0,0.0,0.0,0.0
280,13,0.0,0.0,0.0,0.0
280,14,0.0,0.0,0.0,0.0
280,15,0.0,0.0,0.0,0.0
280,16,0.0,0.0,0.0,0.0
280,17,0.0,0.0,0.0,0.0
280,18,0.0,0.0,0.0,0.0
280,19,0.0,0.0,0.0,0.0
280,20,0.0,0.0,0.0,0.0
280,21,0.0,0.0,0.0,0.0
280,22,0.0,0.0,0.0,0.0
280,23,0.0,0.0,0.0,0.0
280,24,0.0,0.0,0.0,0.0
280,25,0.0,0.0,0.0,0.0
280,26,0.0,0.0,0.0,0.0
280,27,0.0,0.0,0.0,0.0
280,28,0.0,0.0,0.0,0.0
280,29,0.0,0.0,0.0,0.0
280,30,0.0,0.0,0.0,0.0
280,31,0.0,0.0,0.0,0.0
280,32,0.0,0.0,0.0,0.0
280,33,0.0,0.0,0.0,0.0
280,34,0.0,0.0,0.0,0.0
280,35,0.0,0.0,0.0,0.0
280,36,0.0,0.0,0.0,0.0
280,37,0.0,0.0,0.0,0.0
280,38,0.0,0.0,0.0,0.0
280,39,0.0,0.0,0.0,0.0
280,40,0.0,0.0,0.0,0.0
280,41,0.0,0.0,0.0,0.0
280,42,0.0,0.0,0.0,0.0
280,43,0.0,0.0,0.0,0.0
280,44,0.0,0.0,0.0,0.0
280,45,450.0000019158622,3.370219642410973e-14,6.021574541928778e-32,0.0
280,46,462.073478260301,10.416857692041232,0.0001543430002907479,0.0
280,47,482.0465866150143,6.32382686370438,9.409937540516473e-05,0.0
280,48,510.57564680266574,4.446642151140286,6.645581165914254e-05,0.0
280,49,547.9074200912767,3.4113636298334473,5.11818276482959e-05,0.0
280,50,594.2867834623763,2.754872194298367,4.146759369429478e-05,0.0
280,51,649.9926054689586,2.2996258207952818,3.4705322169991884e-05,0.0
280,52,715.3317086286539,1.964403006930616,2.9704037875243024e-05,0.0
280,53,790.6321999434383,1.7067944036370275,2.584290735490842e-05,0.0
280,54,876.2459565533994,1.5022249348760996,2.276117232852584e-05,0.0
280,55,981.1946010385604,27.320563710738565,0.009228631098242969,0.0
280,56,1091.447344765589,27.15970953804279,0.02554991859704219,-0.0008933712167790006
290,1,0.0,0.0,0.0,0.0
290,2,0.0,0.0,0.0,0.0
290,3,0.0,0.0,0.0,0.0
290,4,0.0,0.0,0.0,0.0
290,5,0.0,0.0,0.0,0.0
290,6,0.0,0.0,0.0,0.0
290,7,0.0,0.0,0.0,0.0
290,8,0.0,0.0,0.0,0.0
290,9,0.0,0.0,0.0,0.0
290,10,0.0,0.0,0.0,0.0
290,11,0.0,0.0,0.0,0.0
290,12,0.0,0.0,0.0,0.0
290,13,0.0,0.0,0.0,0.0
290,14,0.0,0.0,0.0,0.0
290,15,0.0,0.0,0.0,0.0
290,16,0.0,0.0,0.0,0.0
290,17,0.0,0.0,0.0,0.0
290,18,0.0,0.0,0.0,0.0
290,19,0.0,0.0,0.0,0.0
290,20,0.0,0.0,0.0,0.0
290,21,0.0,0.0,0.0,0.0
290,22,0.0,0.0,0.0,0.0
290,23,0.0,0.0,0.0,0.0
290,24,0.0,0.0,0.0,0.0
290,25,0.0,0.0,0.0,0.0
290,26,0.0,0.0,0.0,0.0
290,27,0.0,0.0,0.0,0.0
290,28,0.0,0.0,0.0,0.0
290,29,0.0,0.0,0.0,0.0
290,30,0.0,0.0,0.0,0.0
290,31,0.0,0.0,0.0,0.0
290,32,0.0,0.0,0.0,0.0
290,33,0.0,0.0,0.0,0.0
290,34,0.0,0.0,0.0,0.0
290,35,0.0,0.0,0.0,0.0
290,36,0.0,0.0,0.0,0.0
290,37,0.0,0.0,0.0,0.0
290,38,0.0,0.0,0.0,0.0
290,39,0.0,0.0,0.0,0.0
290,40,0.0,0.0,0.0,0.0
290,41,0.0,0.0,0.0,0.0
290,42,0.0,0.0,0.0,0.0
290,43,0.0,0.0,0.0,0.0
290,44,0.0,0.0,0.0,0.0
290,45,450.0000019158639,2.482196217887587e-13,3.266373737893755e-30,0.0
290,46,461.5558997084371,10.379057886867253,0.00014665629215331033,0.0
290,47,479.1796278006059,6.810449365090433,9.630092547111941e-05,0.0
290,48,503.4452430548569,4.950261976575146,7.005333478884349e-05,0.0
290,49,534.5656444696937,3.8617688388836573,5.4676269857971834e-05,0.0
290,50,572.7417354941557,3.148402872248526,4.458134817682649e-05,0.0
290,51,618.1963601094989,2.643606811898405,3.7424235767636364e-05,0.0
290,52,671.1723420080585,2.267011036701823,3.2075056077314586e-05,0.0
290,53,731.9226725517428,1.9753508832769051,2.792661433857531e-05,0.0
290,54,800.7004427361995,1.7432626062776357,2.4623787861154695e-05,0.0
290,55,884.2553553320707,30.677003416122762,0.00926358304253673,0.0
290,56,971.9582315301824,28.40142375545787,0.02222511066915644,-0.000879577885000787
300,1,0.0,0.0,0.0,0.0
300,2,0.0,0.0,0.0,0.0
300,3,0.0,0.0,0.0,0.0
300,4,0.0,0.0,0.0,0.0
300,5,0.0,0.0,0.0,0.0
300,6,0.0,0.0,0.0,0.0
300,7,0.0,0.0,0.0,0.0
300,8,0.0,0.0,0.0,0.0
300,9,0.0,0.0,0.0,0.0
300,10,0.0,0.0,0.0,0.0
300,11,0.0,0.0,0.0,0.0
300,12,0.0,0.0,0.0,0.0
300,13,0.0,0.0,0.0,0.0
300,14,0.0,0.0,0.0,0.0
300,15,0.0,0.0,0.0,0.0
300,16,0.0,0.0,0.0,0.0
300,17,0.0,0.0,0.0,0.0
300,18,0.0,0.0,0.0,0.0
300,19,0.0,0.0,0.0,0.0
300,20,0.0,0.0,0.0,0.0
300,21,0.0,0.0,0.0,0.0
300,22,0.0,0.0,0.0,0.0
300,23,0.0,0.0,0.0,0.0
300,24,0.0,0.0,0.0,0.0
300,25,0.0,0.0,0.0,0.0
300,26,0.0,0.0,0.0,0.0
300,27,0.0,0.0,0.0,0.0
300,28,0.0,0.0,0.0,0.0
300,29,0.0,0.0,0.0,0.0
300,30,0.0,0.0,0.0,0.0
300,31,0.0,0.0,0.0,0.0
300,32,0.0,0.0,0.0,0.0
300,33,0.0,0.0,0.0,0.0
300,34,0.0,0.0,0.0,0.0
300,35,0.0,0.0,0.0,0.0
300,36,0.0,0.0,0.0,0.0
300,37,0.0,0.0,0.0,0.0
300,38,0.0,0.0,0.0,0.0
300,39,0.0,0.0,0.0,0.0
300,40,0.0,0.0,0.0,0.0
300,41,0.0,0.0,0.0,0.0
300,42,0.0,0.0,0.0,0.0
300,43,0.0,0.0,0.0,0.0
300,44,0.0,0.0,0.0,0.0
300,45,450.0000019158639,3.761683040071762e-13,7.50167170316491e-30,0.0
300,46,461.709894831999,9.85830949486935,0.0001340722694660669,0.0
300,47,480.2631306392067,6.220432988164743,8.457500585351789e-05,0.0
300,48,506.52854024583473,4.393872090698792,5.973930126028874e-05,0.0
300,49,541.2002439702599,3.3286451994284123,4.5257580812555986e-05,0.0
300,50,585.0581044725302,2.3451639353772746,2.8416788570236206e-05,0.0
300,51,638.4496538350224,1.1921504390462532,8.939552728050631e-06,0.0
300,52,705.0109065227388,40.07393370968434,0.012592923877398547,0.0
300,53,780.9347788361354,33.65788213353006,0.010132883768833903,0.0
300,54,861.7443818910606,3.950242516286213,0.00014855649076705492,0.0
300,55,955.9816075520218,27.099096587062157,0.008152921451829512,0.0
300,56,1050.3433902035479,17.742325628191423,0.009331836066242197,0.0008506368306139679
310,1,0.0,0.0,0.0,0.0
310,2,0.0,0.0,0.0,0.0
310,3,0.0,0.0,0.0,0.0
310,4,0.0,0.0,0.0,0.0
310,5,0.0,0.0,0.0,0.0
310,6,0.0,0.0,0.0,0.0
310,7,0.0,0.0,0.0,0.0
310,8,0.0,0.0,0.0,0.0
310,9,0.0,0.0,0.0,0.0
310,10,0.0,0.0,0.0,0.0
310,11,0.0,0.0,0.0,0.0
310,12,0.0,0.0,0.0,0.0
310,13,0.0,0.0,0.0,0.0
310,14,0.0,0.0,0.0,0.0
310,15,0.0,0.0,0.0,0.0
310,16,0.0,0.0,0.0,0.0
310,17,0.0,0.0,0.0,0.0
310,18,0.0,0.0,0.0,0.0
310,19,0.0,0.0,0.0,0.0
310,20,0.0,0.0,0.0,0.0
310,21,0.0,0.0,0.0,0.0
310,22,0.0,0.0,0.0,0.0
310,23,0.0,0.0,0.0,0.0
310,24,0.0,0.0,0.0,0.0
310,25,0.0,0.0,0.0,0.0
310,26,0.0,0.0,0.0,0.0
310,27,0.0,0.0,0.0,0.0
310,28,0.0,0.0,0.0,0.0
310,29,0.0,0.0,0.0,0.0
310,30,0.0,0.0,0.0,0.0
310,31,0.0,0.0,0.0,0.0
310,32,0.0,0.0,0.0,0.0
310,33,0.0,0.0,0.0,0.0
310,34,0.0,0.0,0.0,0.0
310,35,0.0,0.0,0.0,0.0
310,36,0.0,0.0,0.0,0.0
310,37,0.0,0.0,0.0,0.0
310,38,0.0,0.0,0.0,0.0
310,39,0.0,0.0,0.0,0.0
310,40,0.0,0.0,0.0,0.0
310,41,0.0,0.0,0.0,0.0
310,42,0.0,0.0,0.0,0.0
310,43,0.0,0.0,0.0,0.0
310,44,0.0,0.0,0.0,0.0
310,45,450.00000191586605,1.3928945922026102e-12,1.028561254523735e-28,0.0
310,46,461.9136544190375,34.123342245440746,0.0016342902617251362,0.0
310,47,481.32355220012505,20.930582771607366,0.0010017677121152784,0.0
310,48,508.9267577292667,14.707765911046167,0.0007034513664321766,0.0
310,49,544.9682226608119,11.2599643959072,0.0005383411895937576,0.0
310,50,589.6618446237417,9.080337830438308,0.00043414090257578686,0.0
310,51,643.281934877544,7.5718095601504185,0.00036216630805852094,0.0
310,52,706.1223405478536,6.46538146994986,0.0003094627843891815,0.0
310,53,778.4935066472724,5.618794406984357,0.00026917392896515056,0.0
310,54,860.6885180571979,4.951745230220154,0.00023743415051167232,0.0
310,55,961.338741760158,30.937218646661915,0.011349021486913176,0.0
310,56,1067.906772379908,26.908540080237856,0.024241365761214162,-5.6566986468193834e-05
320,1,0.0,0.0,0.0,0.0
320,2,0.0,0.0,0.0,0.0
320,3,0.0,0.0,0.0,0.0
320,4,0.0,0.0,0.0,0.0
320,5,0.0,0.0,0.0,0.0
320,6,0.0,0.0,0.0,0.0
320,7,0.0,0.0,0.0,0.0
320,8,0.0,0.0,0.0,0.0
320,9,0.0,0.0,0.0,0.0
320,10,0.0,0.0,0.0,0.0
320,11,0.0,0.0,0.0,0.0
320,12,0.0,0.0,0.0,0.0
320,13,0.0,0.0,0.0,0.0
320,14,0.0,0.0,0.0,0.0
320,15,0.0,0.0,0.0,0.0
320,16,0.0,0.0,0.0,0.0
320,17,0.0,0.0,0.0,0.0
320,18,0.0,0.0,0.0,0.0
320,19,0.0,0.0,0.0,0.0
320,20,0.0,0.0,0.0,0.0
320,21,0.0,0.0,0.0,0.0
320,22,0.0,0.0,0.0,0.0
320,23,0.0,0.0,0.0,0.0
320,24,0.0,0.0,0.0,0.0
320,25,0.0,0.0,0.0,0.0
320,26,0.0,0.0,0.0,0.0
320,27,0.0,0.0,0.0,0.0
320,28,0.0,0.0,0.0,0.0
320,29,0.0,0.0,0.0,0.0
320,30,0.0,0.0,0.0,0.0
320,31,0.0,0.0,0.0,0.0
320,32,0.0,0.0,0.0,0.0
320,33,0.0,0.0,0.0,0.0
320,34,0.0,0.0,0.0,0.0
320,35,0.0,0.0,0.0,0.0
320,36,0.0,0.0,0.0,0.0
320,37,0.0,0.0,0.0,0.0
320,38,0.0,0.0,0.0,0.0
320,39,0.0,0.0,0.0,0.0
320,40,0.0,0.0,0.0,0.0
320,41,0.0,0.0,0.0,0.0
320,42,0.0,0.0,0.0,0.0
320,43,0.0,0.0,0.0,0.0
320,44,0.0,0.0,0.0,0.0
320,45,450.00000191586406,1.1380729877905194e-12,6.866475692462621e-29,0.0
320,46,461.8315662303033,16.130529755771562,0.00036267746419357637,0.0
320,47,480.64848305981036,10.139399435197062,0.00022790511376894582,0.0
320,48,507.06713153449977,7.2199481157943755,0.00016224072930965866,0.0
320,49,541.3720344453974,5.559193047092492,0.00012489954203076487,0.0
320,50,583.8733725024247,4.486555285529585,0.00010078822361698128,0.0
320,51,634.9066430557702,3.736204326353739,8.392585611949056e-05,0.0
320,52,694.7987042934215,3.183561828437822,7.151167951481607e-05,0.0
320,53,770.2818057900084,36.36030813933757,0.01175671490616642,0.0
320,54,855.7144342880351,35.65569967984817,0.012795664226089718,0.0
320,55,950.2615041186967,30.20287695635923,0.010160751758569836,0.0
320,56,1049.5879066354223,27.74468844632705,0.024020070819883554,0.0008985940521601488
330,1,0.0,0.0,0.0,0.0
330,2,0.0,0.0,0.0,0.0
330,3,0.0,0.0,0.0,0.0
330,4,0.0,0.0,0.0,0.0
330,5,0.0,0.0,0.0,0.0
330,6,0.0,0.0,0.0,0.0
330,7,0.0,0.0,0.0,0.0
330,8,0.0,0.0,0.0,0.0
330,9,0.0,0.0,0.0,0.0
330,10,0.0,0.0,0.0,0.0
330,11,0.0,0.0,0.0,0.0
330,12,0.0,0.0,0.0,0.0
330,13,0.0,0.0,0.0,0.0
330,14,0.0,0.0,0.0,0.0
330,15,0.0,0.0,0.0,0.0
330,16,0.0,0.0,0.0,0.0
330,17,0.0,0.0,0.0,0.0
330,18,0.0,0.0,0.0,0.0
330,19,0.0,0.0,0.0,0.0
330,20,0.0,0.0,0.0,0.0
330,21,0.0,0.0,0.0,0.0
330,22,0.0,0.0,0.0,0.0
330,23,0.0,0.0,0.0,0.0
330,24,0.0,0.0,0.0,0.0
330,25,0.0,0.0,0.0,0.0
330,26,0.0,0.0,0.0,0.0
330,27,0.0,0.0,0.0,0.0
330,28,0.0,0.0,0.0,0.0
330,29,0.0,0.0,0.0,0.0
330,30,0.0,0.0,0.0,0.0
330,31,0.0,0.0,0.0,0.0
330,32,0.0,0.0,0.0,0.0
330,33,0.0,0.0,0.0,0.0
330,34,0.0,0.0,0.0,0.0
330,35,0.0,0.0,0.0,0.0
330,36,0.0,0.0,0.0,0.0
330,37,0.0,0.0,0.0,0.0
330,38,0.0,0.0,0.0,0.0
330,39,0.0,0.0,0.0,0.0
330,40,0.0,0.0,0.0,0.0
330,41,0.0,0.0,0.0,0.0
330,42,0.0,0.0,0.0,0.0
330,43,0.0,0.0,0.0,0.0
330,44,0.0,0.0,0.0,0.0
330,45,450.00000191586514,1.6811675211536927e-12,1.4983581636965184e-28,0.0
330,46,461.8546001704945,23.190257498664227,0.0007510677649634061,0.0
330,47,480.8640099423914,14.4529241995333,0.00046780108299829997,0.0
330,48,507.6637155142648,10.245614260935724,0.00033142645017485953,0.0
330,49,542.4904198908391,7.882303519156008,0.0002549176039875159,0.0
330,50,585.5743155555239,6.372594074803052,0.00020612402613135565,0.0
330,51,637.1751427946859,5.3234445194969995,0.00017227540080574054,0.0
330,52,697.5798269894584,4.551115190283269,0.00014739658246889703,0.0
330,53,767.0929637563758,3.958537460144804,0.0001283268532751591,0.0
330,54,845.9779933881733,3.4918168364012674,0.00011331271429435531,0.0
330,55,942.8893769822896,31.823707852152573,0.01156265299240964,0.0
330,56,1044.8694659748253,30.20492600632475,0.029229461318477788,0.0008997036994116633
340,1,0.0,0.0,0.0,0.0
340,2,0.0,0.0,0.0,0.0
340,3,0.0,0.0,0.0,0.0
340,4,0.0,0.0,0.0,0.0
340,5,0.0,0.0,0.0,0.0
340,6,0.0,0.0,0.0,0.0
340,7,0.0,0.0,0.0,0.0
340,8,0.0,0.0,0.0,0.0
340,9,0.0,0.0,0.0,0.0
340,10,0.0,0.0,0.0,0.0
340,11,0.0,0.0,0.0,0.0
340,12,0.0,0.0,0.0,0.0
340,13,0.0,0.0,0.0,0.0
340,14,0.0,0.0,0.0,0.0
340,15,0.0,0.0,0.0,0.0
340,16,0.0,0.0,0.0,0.0
340,17,0.0,0.0,0.0,0.0
340,18,0.0,0.0,0.0,0.0
340,19,0.0,0.0,0.0,0.0
340,20,0.0,0.0,0.0,0.0
340,21,0.0,0.0,0.0,0.0
340,22,0.0,0.0,0.0,0.0
340,23,0.0,0.0,0.0,0.0
340,24,0.0,0.0,0.0,0.0
340,25,0.0,0.0,0.0,0.0
340,26,0.0,0.0,0.0,0.0
340,27,0.0,0.0,0.0,0.0
340,28,0.0,0.0,0.0,0.0
340,29,0.0,0.0,0.0,0.0
340,30,0.0,0.0,0.0,0.0
340,31,0.0,0.0,0.0,0.0
340,32,0.0,0.0,0.0,0.0
340,33,0.0,0.0,0.0,0.0
340,34,0.0,0.0,0.0,0.0
340,35,0.0,0.0,0.0,0.0
340,36,0.0,0.0,0.0,0.0
340,37,0.0,0.0,0.0,0.0
340,38,0.0,0.0,0.0,0.0
340,39,0.0,0.0,0.0,0.0
340,40,0.0,0.0,0.0,0.0
340,41,0.0,0.0,0.0,0.0
340,42,0.0,0.0,0.0,0.0
340,43,0.0,0.0,0.0,0.0
340,44,0.0,0.0,0.0,0.0
340,45,450.0000019158657,2.3450410914513203e-12,2.9153759734799197e-28,0.0
340,46,461.90593314734883,34.195101871388545,0.0016401074975503386,0.0
340,47,481.15799961831664,21.135994212055152,0.0010132202375585137,0.0
340,48,508.4135574050405,14.922115539448086,0.000714985132990408,0.0
340,49,543.9164657347396,11.453179479518266,0.0005486523003959079,0.0
340,50,587.8972529507655,9.246184351847369,0.0004429648192282825,0.0
340,51,640.6120354640848,7.717026260555612,0.0003698396894503833,0.0
340,52,702.3414166284255,6.593955210330806,0.0003162023180146377,0.0
340,53,773.379979070169,5.734069180762352,0.00027517004918110747,0.0
340,54,854.0165977668124,5.055455645256547,0.0002427918238851488,0.0
340,55,952.914262127315,31.646576892949113,0.011668651167626842,0.0
340,56,1057.183120659542,30.105665060082142,0.02968936733220848,0.0005899151400328594
350,1,0.0,0.0,0.0,0.0
350,2,0.0,0.0,0.0,0.0
350,3,0.0,0.0,0.0,0.0
350,4,0.0,0.0,0.0,0.0
350,5,0.0,0.0,0.0,0.0
350,6,0.0,0.0,0.0,0.0
350,7,0.0,0.0,0.0,0.0
350,8,0.0,0.0,0.0,0.0
350,9,0.0,0.0,0.0,0.0
350,10,0.0,0.0,0.0,0.0
350,11,0.0,0.0,0.0,0.0
350,12,0.0,0.0,0.0,0.0
350,13,0.0,0.0,0.0,0.0
350,14,0.0,0.0,0.0,0.0
350,15,0.0,0.0,0.0,0.0
350,16,0.0,0.0,0.0,0.0
350,17,0.0,0.0,0.0,0.0
350,18,0.0,0.0,0.0,0.0
350,19,0.0,0.0,0.0,0.0
350,20,0.0,0.0,0.0,0.0
350,21,0.0,0.0,0.0,0.0
350,22,0.0,0.0,0.0,0.0
350,23,0.0,0.0,0.0,0.0
350,24,0.0,0.0,0.0,0.0
350,25,0.0,0.0,0.0,0.0
350,26,0.0,0.0,0.0,0.0
350,27,0.0,0.0,0.0,0.0
350,28,0.0,0.0,0.0,0.0
350,29,0.0,0.0,0.0,0.0
350,30,0.0,0.0,0.0,0.0
350,31,0.0,0.0,0.0,0.0
350,32,0.0,0.0,0.0,0.0
350,33,0.0,0.0,0.0,0.0
350,34,0.0,0.0,0.0,0.0
350,35,0.0,0.0,0.0,0.0
350,36,0.0,0.0,0.0,0.0
350,37,0.0,0.0,0.0,0.0
350,38,0.0,0.0,0.0,0.0
350,39,0.0,0.0,0.0,0.0
350,40,0.0,0.0,0.0,0.0
350,41,0.0,0.0,0.0,0.0
350,42,0.0,0.0,0.0,0.0
350,43,0.0,0.0,0.0,0.0
350,44,0.0,0.0,0.0,0.0
350,45,450.00000191586264,2.2946994009027997e-12,2.7915490330703347e-28,0.0
350,46,461.9548888361166,16.786959951026017,0.0003968905163407079,0.0
350,47,481.55927200065787,10.261389328287503,0.00024319052686559296,0.0
350,48,509.5204499283063,7.212064984500994,0.00017133885727407843,0.0
350,49,546.0885673948821,5.526801489597522,0.00013159260240610233,0.0
350,50,591.5034879724057,4.455747609238632,0.00010622356307333068,0.0
350,51,647.7483267838484,11.380790308410873,0.0008582398184378104,0.0
350,52,714.0673004519707,6.615890813326454,0.00034197597409705454,0.0
350,53,787.8316229941526,2.7080671324600276,6.373035696365722e-05,0.0
350,54,871.643213667281,2.3196960278288197,5.313092553473816e-05,0.0
350,55,973.3463411036554,27.322750049287215,0.008944668850303133,0.0
350,56,1079.9231135636644,25.717008173940748,0.022143859770892067,-0.0007079869038967
360,1,0.0,0.0,0.0,0.0
360,2,0.0,0.0,0.0,0.0
360,3,0.0,0.0,0.0,0.0
360,4,0.0,0.0,0.0,0.0
360,5,0.0,0.0,0.0,0.0
360,6,0.0,0.0,0.0,0.0
360,7,0.0,0.0,0.0,0.0
360,8,0.0,0.0,0.0,0.0
360,9,0.0,0.0,0.0,0.0
360,10,0.0,0.0,0.0,0.0
360,11,0.0,0.0,0.0,0.0
360,12,0.0,0.0,0.0,0.0
360,13,0.0,0.0,0.0,0.0
360,14,0.0,0.0,0.0,0.0
360,15,0.0,0.0,0.0,0.0
360,16,0.0,0.0,0.0,0.0
360,17,0.0,0.0,0.0,0.0
360,18,0.0,0.0,0.0,0.0
360,19,0.0,0.0,0.0,0.0
360,20,0.0,0.0,0.0,0.0
360,21,0.0,0.0,0.0,0.0
360,22,0.0,0.0,0.0,0.0
360,23,0.0,0.0,0.0,0.0
360,24,0.0,0.0,0.0,0.0
360,25,0.0,0.0,0.0,0.0
360,26,0.0,0.0,0.0,0.0
360,27,0.0,0.0,0.0,0.0
360,28,0.0,0.0,0.0,0.0
360,29,0.0,0.0,0.0,0.0
360,30,0.0,0.0,0.0,0.0
360,31,0.0,0.0,0.0,0.0
360,32,0.0,0.0,0.0,0.0
360,33,0.0,0.0,0.0,0.0
360,34,0.0,0.0,0.0,0.0
360,35,0.0,0.0,0.0,0.0
360,36,0.0,0.0,0.0,0.0
360,37,0.0,0.0,0.0,0.0
360,38,0.0,0.0,0.0,0.0
360,39,0.0,0.0,0.0,0.0
360,40,0.0,0.0,0.0,0.0
360,41,0.0,0.0,0.0,0.0
360,42,0.0,0.0,0.0,0.0
360,43,0.0,0.0,0.0,0.0
360,44,0.0,0.0,0.0,0.0
360,45,450.00000191586366,2.783093651456891e-12,4.106286973260057e-28,0.0
360,46,461.5714078696493,7.1309043160418435,6.931967030491452e-05,0.0
360,47,479.2986700132941,4.639197966004552,4.4947818447512733e-05,0.0
360,48,503.75908748762254,3.350547326351707,3.235016639681476e-05,0.0
360,49,535.1737632267897,2.601624631359434,2.5049726767790714e-05,0.0
360,50,573.7628925877434,2.1139555870430287,2.031598288294566e-05,0.0
360,51,619.7758265248036,1.7711824334357296,1.7005431608798767e-05,0.0
360,52,673.4912896639523,1.5170862560928582,1.4564682202088541e-05,0.0
360,53,735.1856235136647,1.3217438037280462,1.2697580824296776e-05,0.0
360,54,805.1385023685934,1.1670012778302323,1.122352803794163e-05,0.0
360,55,890.6586700734694,29.169538261163403,0.008572525651173465,0.0
360,56,979.8569451802242,27.37676993183437,0.021002487814956228,0.0004409512115158123
